trending,date
 #DETvsCOL,2020-01-20
 #2AShallNotBeInfringed,2020-01-20
 #dayofservice,2020-01-20
 #ExitSongs,2020-01-20
 #VALEG,2020-01-20
 #IRLForever,2020-01-20
 #BossWasKind,2020-01-20
 #AvsTwitterPsychic,2020-01-20
 #ThankYouIRL,2020-01-20
 #ICanKeepGoingOnAbout,2020-01-20
 #PenguinAwarenessDay,2020-01-20
 #InMyRockAndRollHallOfFame,2020-01-20
 #IEndorseBernie,2020-01-20
 #selfiesforjonah,2020-01-20
 #WallsMusicVideo,2020-01-20
 Fincastle,2020-01-20
 Larry Walker,2020-01-20
 On MLK,2020-01-20
 Def Jam,2020-01-20
 Bastion,2020-01-20
 LARPing,2020-01-20
 DJ Screw,2020-01-20
 DC Dean Pees,2020-01-20
 GI Joe,2020-01-20
 Civil Rights,2020-01-20
 Dying Light 2,2020-01-20
 Gammons,2020-01-20
 Clemens,2020-01-20
 Sierra Canyon,2020-01-20
 Studio Ghibli,2020-01-20
 Kerry Coombs,2020-01-20
 I Have a Dream,2020-01-20
 Pledge of Allegiance,2020-01-20
 Black Panthers,2020-01-20
 #MondayMood,2020-01-20
 David Lynch,2020-01-20
 Happy MLK,2020-01-20
 2nd Amendment,2020-01-20
 Chandler Parsons,2020-01-20
 #AskHalsey,2020-01-20
 Antifa,2020-01-20
 Baby Jabba,2020-01-20
 Richmond,2020-01-20
 #VirginiaRally,2020-01-20
 Aaron Rodgers,2020-01-20
 #GoNiners,2020-01-20
 Super Bowl,2020-01-20
 Packers,2020-01-20
 Chiefs,2020-01-20
 #MLKDay,2020-01-20
 #BTSTOUR2020,2020-01-21
 #NWFBCulture,2020-01-21
 #기다렸다_믿듣첸,2020-01-21
 #tttxpn,2020-01-21
 #NattySeltzerParty,2020-01-21
 #HowWeHeal,2020-01-21
 #SDoLED20,2020-01-21
 #GOPCoverup,2020-01-21
 #WeWillFightForWonho,2020-01-21
 #iamup,2020-01-21
 #GDatCHANEL,2020-01-21
 #SeniorBowl,2020-01-21
 #ImpeachmentTrialRules,2020-01-21
 #21Ene,2020-01-21
 #DelonteWest,2020-01-21
 #nphsmusictrivia,2020-01-21
 #obstinate,2020-01-21
 #OtherJobsForDocBrown,2020-01-21
 #Fire_up_OneIt,2020-01-21
 #ZionistElection,2020-01-21
 #FelizMartes,2020-01-21
 #ShamTrial,2020-01-21
 #BlackClover118,2020-01-21
 #PastimesFromThe90s,2020-01-21
 #AskPK,2020-01-21
 #AtinySelcaDay,2020-01-21
 #WEF20,2020-01-21
 #IdStartARevolutionFor,2020-01-21
 #RE2PECT,2020-01-21
 #NationalHugDay,2020-01-21
 #SquirrelAppreciationDay,2020-01-21
 Captain Tsubasa,2020-01-21
 St. Agnes,2020-01-21
 Jack Nicklaus,2020-01-21
 Xavier Rhodes,2020-01-21
 Nobody Likes Him,2020-01-21
 Infinite Jest,2020-01-21
 Derek Jeter,2020-01-21
 Davos,2020-01-21
 #MidnightMoscowMitch,2020-01-21
 #TrumpIsCorrupt,2020-01-21
 #TuesdayThoughts,2020-01-21
 Niners,2020-01-21
 #dem2020,2020-01-21
 Super Bowl,2020-01-21
 Facts,2020-01-21
 Chiefs,2020-01-21
 Martin Luther King,2020-01-21
 Mahomes,2020-01-21
 #MLKDay,2020-01-21
 #WellnessWednesday,2020-01-22
 #AdweekChat,2020-01-22
 #Starfleet2399,2020-01-22
 #askhayes,2020-01-22
 #FloridaWinter,2020-01-22
 #MyRightMyDecision,2020-01-22
 #FreeBritney,2020-01-22
 #BrooklynHalf,2020-01-22
 #BullsSocialNight,2020-01-22
 #SoWhatMVTeaser,2020-01-22
 #WhyIDrankBefore21,2020-01-22
 #YangOprah,2020-01-22
 #SexyStateSlogans,2020-01-22
 #BCFest2020,2020-01-22
 #FootballAPickUpLine,2020-01-22
 #MissAmericana,2020-01-22
 #TheCloneWars,2020-01-22
 #LibraryShelfieDay,2020-01-22
 #PopularBKHalf,2020-01-22
 #ShareToEnter,2020-01-22
 #ExpediaChat,2020-01-22
 #RoevWade,2020-01-22
 Michael Che,2020-01-22
 Dratini,2020-01-22
 Life of Brian,2020-01-22
 Ahsoka,2020-01-22
 Orlando Brown,2020-01-22
 Broccoli City,2020-01-22
 George Conway,2020-01-22
 Vulpix,2020-01-22
 Martha Mitchell,2020-01-22
 Guinan,2020-01-22
 Wesley Snipes,2020-01-22
 Thomas Edison,2020-01-22
 Ibiza,2020-01-22
 Gabbard,2020-01-22
 #WednesdayWisdom,2020-01-22
 Luis Rojas,2020-01-22
 Tulsi,2020-01-22
 Terry Jones,2020-01-22
 Mr. Peanut,2020-01-22
 Roberts,2020-01-22
 Jeter,2020-01-22
 #nmleg,2020-01-22
 Senate,2020-01-22
 #ImpeachmentTrial,2020-01-22
 #ILikeBernie,2020-01-22
 Schiff,2020-01-22
 #GOPCoverup,2020-01-22
 Russian,2020-01-22
 #ElVirusDeColombiaEs,2020-01-23
 #RisingQs,2020-01-23
 #23ene,2020-01-23
 #coe2020,2020-01-23
 #shareyourfavsong_got7,2020-01-23
 #CleanSlate,2020-01-23
 #NationalReadingDay,2020-01-23
 #cacophony,2020-01-23
 #FelizJueves,2020-01-23
 #AskSonicMovie,2020-01-23
 #wearetr,2020-01-23
 #CaptainMarvel2,2020-01-23
 #StateOfSocial,2020-01-23
 #AdamShiffROCKS,2020-01-23
 #HA2020,2020-01-23
 #StarTrekPicard,2020-01-23
 #WhenINeedHelpI,2020-01-23
 #CoronavirusOutbreak,2020-01-23
 #IHateWhenPeopleAsk,2020-01-23
 #NationalPieDay,2020-01-23
 #VoteThemAllOut2020,2020-01-23
 Chaput,2020-01-23
 Streams and Wetlands,2020-01-23
 Three American,2020-01-23
 Jim Messina,2020-01-23
 Church of England,2020-01-23
 Coach Nobles,2020-01-23
 BECSUSE,2020-01-23
 Lena Waithe,2020-01-23
 Myanmar,2020-01-23
 Smugglers Run,2020-01-23
 House of Balloons,2020-01-23
 Bocce,2020-01-23
 Megyn,2020-01-23
 Happy Friday Eve,2020-01-23
 Trapsoul,2020-01-23
 Attorneys General,2020-01-23
 ARMY SUPPORTS SEVEN,2020-01-23
 Michelle Carter,2020-01-23
 Mnuchin,2020-01-23
 #PresidentPence,2020-01-23
 #ThursdayThoughts,2020-01-23
 #GOPCoverup,2020-01-23
 Tulsi,2020-01-23
 #TrumpIsGuilty,2020-01-23
 #adayinschool,2020-01-23
 Mr. Peanut,2020-01-23
 Penn Badgley,2020-01-23
 Schiff,2020-01-23
 Zion,2020-01-23
 #VindmanIsAPatriot,2020-01-24
 #tctela20,2020-01-24
 #ProofThatGodLovesUs,2020-01-24
 #DefendImpeachRemove,2020-01-24
 #SafeCommunitiesAct,2020-01-24
 #EducationDay,2020-01-24
 #PeanutButterASongOrBand,2020-01-24
 #MyFaveHandheld,2020-01-24
 #iStand4Life,2020-01-24
 #BeTheHunter,2020-01-24
 #777X,2020-01-24
 #NationalPeanutButterDay,2020-01-24
 #SabrinaNetflix,2020-01-24
 #AnyoneIsComing,2020-01-24
 #FursuitFriday,2020-01-24
 #TheSexiestThingYouCanSay,2020-01-24
 #GoTo,2020-01-24
 #ThankYouEli,2020-01-24
 #WhatImEntitledTo,2020-01-24
 #MarshaBlackburnIsTrash,2020-01-24
 #coronoavirus,2020-01-24
 #OurSunshineLucas,2020-01-24
 #dollypartonchallenge,2020-01-24
 #HeadOnAPike,2020-01-24
 #FridayFeeling,2020-01-24
 #NationalComplimentDay,2020-01-24
 RELEASE THE TRANSCRIPTS,2020-01-24
 You're Fired,2020-01-24
 Myke Towers,2020-01-24
 Colin Powell,2020-01-24
 Padma,2020-01-24
 ON SALE NOW,2020-01-24
 Top Chef,2020-01-24
 Happy Lunar New Year,2020-01-24
 Kahlil Whitney,2020-01-24
 Kareem Hunt,2020-01-24
 My Warframe,2020-01-24
 Nancy Drew,2020-01-24
 34 US,2020-01-24
 #hotgirlsforbernie,2020-01-24
 #TakeHerOut,2020-01-24
 #MarchForLife,2020-01-24
 Russian,2020-01-24
 Adam Schiff,2020-01-24
 #ADayinSchool,2020-01-24
 China,2020-01-24
 Trumps,2020-01-24
 Pence,2020-01-24
 #RightMatters,2020-01-24
 Rogan,2020-01-24
 #HappyBirthdayCalum,2020-01-25
 #NumberOne,2020-01-25
 #BTSxZachSang,2020-01-25
 #MyWeaknessIs,2020-01-25
 #askDanielle,2020-01-25
 #777X,2020-01-25
 #BogusDefenseBingo,2020-01-25
 #screenshotsaturday,2020-01-25
 #DollyPartonchallange,2020-01-25
 #ILLvsMICH,2020-01-25
 #AskJustinHoliday,2020-01-25
 #IGotKickedOutOfSpaceForce,2020-01-25
 #HULCHE,2020-01-25
 #HeadsOnAPike,2020-01-25
 #Koalateelove,2020-01-25
 #GoHeels,2020-01-25
 #TimeForStargate,2020-01-25
 #AndThisLittlePiggyWent,2020-01-25
 #RWBY7spoilers,2020-01-25
 #lunchclub,2020-01-25
 #facebookdown,2020-01-25
 #HBDtoIM,2020-01-25
 #Rolex24,2020-01-25
 #CoronaOutbreak,2020-01-25
 Dean Smith,2020-01-25
 MoveOn,2020-01-25
 Buddy Boeheim,2020-01-25
 Brandon Robinson,2020-01-25
 Manchin,2020-01-25
 Teske,2020-01-25
 Qrow,2020-01-25
 Valencia,2020-01-25
 Ayo Dosunmu,2020-01-25
 Patrick Philbin,2020-01-25
 Belarus,2020-01-25
 Livers,2020-01-25
 Rapper,2020-01-25
 Happy Lunar New Year,2020-01-25
 #Caturday,2020-01-25
 #UHateDisabledPeople,2020-01-25
 #AmericansWantWitnesses,2020-01-25
 #VotingForBernie,2020-01-25
 Star Trek,2020-01-25
 Russia,2020-01-25
 Funny,2020-01-25
 Schiff,2020-01-25
 #RightMatters,2020-01-25
 Trumps,2020-01-25
 Joe Rogan,2020-01-25
 Pompeo,2020-01-25
 #GRAMMYs,2020-01-26
 #SundayThoughts,2020-01-26
 BRO WTF,2020-01-26
 Only TMZ,2020-01-26
 Shrewsbury,2020-01-26
 Rest in Paradise,2020-01-26
 Damn RIP,2020-01-26
 Bean,2020-01-26
 LA Times,2020-01-26
 #ThankYouYoongi,2020-01-26
 #RoyalRumble,2020-01-26
 #wearehereweareLGBTQ,2020-01-26
 Please God,2020-01-26
 Helicopter,2020-01-26
 RIP Legend,2020-01-26
 RIP to the GOAT,2020-01-26
 Calabasas,2020-01-26
 R.I.P,2020-01-26
 Bryant,2020-01-26
 #RIPMamba,2020-01-26
 Rest In Peace,2020-01-26
 Joe Rogan,2020-01-26
 Parnas,2020-01-26
 #coronavirus,2020-01-26
 Schiff,2020-01-26
 Lobo,2020-01-26
 Pompeo,2020-01-26
 Kobe,2020-01-26
 #Gallavich,2020-01-26
 #SwordArtOnline,2020-01-26
 #drstone,2020-01-26
 #6MoonsInManila2020,2020-01-26
 #range,2020-01-26
 #NZvsIND,2020-01-26
 #BornFighterSana,2020-01-26
 #48GASC,2020-01-26
 #hawaiimbb,2020-01-26
 #SaturdayNightLive,2020-01-26
 #SeductiveSunday,2020-01-26
 #PaulaWhite,2020-01-26
 #ShakespeareSunday,2020-01-26
 #moviemigraines,2020-01-26
 #anipoke,2020-01-26
 #RepublicDay2020,2020-01-26
 #AustraliaInSongsAndMovies,2020-01-26
 #FoodWars,2020-01-26
 #TrustWonho,2020-01-26
 #JoJosBizarreAdventure,2020-01-26
 #IPulledItOutOf___Because___,2020-01-26
 #Toonami,2020-01-26
 #AskEric,2020-01-27
 #ForumCUTriviaSweepstakes,2020-01-27
 #LouisOnHits1,2020-01-27
 #MyFitnessLevelIn5Words,2020-01-27
 #JYPE_GiveYoungjaeSolo,2020-01-27
 #HUMediaLit,2020-01-27
 #JustinBieberSeasons,2020-01-27
 #RIPAltobelliFamily,2020-01-27
 #Philbin,2020-01-27
 #BOUARS,2020-01-27
 #EtiquetteForTheBigGame,2020-01-27
 #MonbebeAreStillHere,2020-01-27
 #SayGoodbyeWithAGif,2020-01-27
 #PeopleForBernie,2020-01-27
 #AskDanMarino,2020-01-27
 #publiccharge,2020-01-27
 #NeverAgain,2020-01-27
 #MondayMotivation,2020-01-27
 #AllOfUs4Warren,2020-01-27
 Baylor University,2020-01-27
 Brennan Malone,2020-01-27
 Warpzy,2020-01-27
 Purpura,2020-01-27
 Andrew Berry,2020-01-27
 Forge,2020-01-27
 Saka,2020-01-27
 Bournemouth,2020-01-27
 Disloyalty,2020-01-27
 T-Mac,2020-01-27
 Relevant,2020-01-27
 Florida AG,2020-01-27
 David Frum,2020-01-27
 Bo Pelini,2020-01-27
 Google Docs,2020-01-27
 Taysom,2020-01-27
 The Jump,2020-01-27
 Statue of Liberty,2020-01-27
 patrick philbin,2020-01-27
 #ILeftTheGOP,2020-01-27
 Jane Raskin,2020-01-27
 Marte,2020-01-27
 #iHeartBTS,2020-01-27
 Chris Wallace,2020-01-27
 Ken Starr,2020-01-27
 Pam Bondi,2020-01-27
 #RIPMamba,2020-01-27
 #RoyalRumble,2020-01-27
 #GRAMMYs,2020-01-27
 Kobe,2020-01-27
 Bolton,2020-01-27
 #TrumpRallyNJ,2020-01-28
 #teammanny,2020-01-28
 #DeadlineWH,2020-01-28
 #CarabaoCup,2020-01-28
 #Fast9,2020-01-28
 #TheFinalBow,2020-01-28
 #DataPrivacyDay,2020-01-28
 #AVFC,2020-01-28
 #IsMyBlessingAndCurse,2020-01-28
 #GuardianGiveaways,2020-01-28
 #NepotismBarbie,2020-01-28
 #DealOfTheCentury,2020-01-28
 #SkipRidesTheTrollerCoaster,2020-01-28
 #MalibuRum,2020-01-28
 #SmellySongsAndBands,2020-01-28
 #FlyersDay,2020-01-28
 #BTSxCorden,2020-01-28
 #StupidQuestionsForWitnesses,2020-01-28
 #GoogleBernie,2020-01-28
 #CancelStudentDebt,2020-01-28
 Wembley,2020-01-28
 Bibi,2020-01-28
 Pokemon Home,2020-01-28
 Downtown Miami,2020-01-28
 Ben Smith,2020-01-28
 grealish,2020-01-28
 Cal McNair,2020-01-28
 Dante Scarnecchia,2020-01-28
 Netanyahu,2020-01-28
 Fotis Dulos,2020-01-28
 West Bank,2020-01-28
 Dusty Baker,2020-01-28
 Living Single,2020-01-28
 Porter Robinson,2020-01-28
 Cayman Islands,2020-01-28
 Feinstein,2020-01-28
 75% of Americans,2020-01-28
 Jamaica,2020-01-28
 Palestinians,2020-01-28
 #AddAWordRuinABook,2020-01-28
 #girldad,2020-01-28
 #coronavirus,2020-01-28
 #TheBachelor,2020-01-28
 Lobos,2020-01-28
 Hunter Biden,2020-01-28
 Pam Bondi,2020-01-28
 #ADayInSchool,2020-01-28
 Israel,2020-01-28
 Bolton,2020-01-28
 Kobe,2020-01-28
 #USOC2020,2020-01-29
 #txpvi,2020-01-29
 #firstmanproject,2020-01-29
 #TSLA,2020-01-29
 #WallpaperWednesday,2020-01-29
 #ComplimentAPolitician,2020-01-29
 #MyWeekendStartsWhen,2020-01-29
 #MCIMUN,2020-01-29
 #WHULIV,2020-01-29
 #ilovepublicschools,2020-01-29
 #coronaravirus,2020-01-29
 #NFLTwitter,2020-01-29
 #CantMakeItUp,2020-01-29
 World War 6,2020-01-29
 Roger Goodell,2020-01-29
 Riot Fest,2020-01-29
 Oladipo,2020-01-29
 Mr. Manager,2020-01-29
 Popeyes Park,2020-01-29
 Bioshock,2020-01-29
 Ron Wolf,2020-01-29
 Get Your Wish,2020-01-29
 Lingard,2020-01-29
 Mata,2020-01-29
 Old Bay,2020-01-29
 Sockeyes,2020-01-29
 Cory Gardner,2020-01-29
 Matic,2020-01-29
 My Chemical Romance,2020-01-29
 NAFTA,2020-01-29
 Yandy,2020-01-29
 Philbin,2020-01-29
 Graham and Cruz,2020-01-29
 Hobo Johnson,2020-01-29
 American Heartland,2020-01-29
 Kraken,2020-01-29
 Minnie,2020-01-29
 Usman,2020-01-29
 Pastor Troy,2020-01-29
 #WeWantWitnesses,2020-01-29
 #RokuSurroundSound,2020-01-29
 #BellLetsTalk,2020-01-29
 Hunter Biden,2020-01-29
 #ADayInSchool,2020-01-29
 Lobos,2020-01-29
 Mine,2020-01-29
 Israel,2020-01-29
 Palestinians,2020-01-29
 Bolton,2020-01-29
 #girldad,2020-01-29
 #BorderWall,2020-01-30
 #SSTS20,2020-01-30
 #FSU24,2020-01-30
 #XFAQtor,2020-01-30
 #ICouldBeHealthierBut,2020-01-30
 #GuardianGiveaways,2020-01-30
 #ThankfulThursday,2020-01-30
 #BadlyExplainFootball,2020-01-30
 #AskFunko,2020-01-30
 #StandBySeungri,2020-01-30
 #askkesha,2020-01-30
 #ThingsYouWontHearBatmanSay,2020-01-30
 #DebbieDownerA80sSitcom,2020-01-30
 #WeWantWitness,2020-01-30
 Eric Herschmann,2020-01-30
 The Conversation,2020-01-30
 NBA All-Star Game,2020-01-30
 Verdugo,2020-01-30
 Elam Ending,2020-01-30
 Kelis,2020-01-30
 Waffles,2020-01-30
 Sebastian Stan,2020-01-30
 Fred Silverman,2020-01-30
 Pedro Strop,2020-01-30
 Hummer,2020-01-30
 AMZN,2020-01-30
 Mr. Underwear,2020-01-30
 Arvind Krishna,2020-01-30
 COBRA,2020-01-30
 Cherry Coke,2020-01-30
 World Health Organization,2020-01-30
 Bleu,2020-01-30
 Gene Hackman,2020-01-30
 Logan Act,2020-01-30
 Trump's DNA,2020-01-30
 #AnnoysMeOnSocialMedia,2020-01-30
 #SFFpit,2020-01-30
 Ed Reed,2020-01-30
 George Wallace,2020-01-30
 Shakira,2020-01-30
 John Andretti,2020-01-30
 #yangwillwin,2020-01-30
 Mine,2020-01-30
 Roberts,2020-01-30
 The Pit,2020-01-30
 #ImpeachmentTrial,2020-01-30
 #girldad,2020-01-30
 Lobos,2020-01-30
 Dershowitz,2020-01-30
 Rand Paul,2020-01-30
 #WeLoveYouSan,2020-01-31
 #HaveAPityPartyBy,2020-01-31
 #NoMuslimBanEver,2020-01-31
 #askkesha,2020-01-31
 #travelban,2020-01-31
 #HanIsAlive,2020-01-31
 #JeffreeStarCosmetics,2020-01-31
 #GOPCOVERUPisNOTAcquittal,2020-01-31
 #theroadtof9,2020-01-31
 #Persona3Remake,2020-01-31
 #ReasonsForAVacation,2020-01-31
 #CashAppFriday,2020-01-31
 #F9Trailer,2020-01-31
 #YANGMONEYBOMB,2020-01-31
 #JusticeForHan,2020-01-31
 #heautifulharries,2020-01-31
 #RIPGOP,2020-01-31
 #hotboysforbernie,2020-01-31
 Bad Boy,2020-01-31
 Rising Stars,2020-01-31
 Sung Kang,2020-01-31
 Hobbs and Shaw,2020-01-31
 Sudan and Tanzania,2020-01-31
 Owen Wilson,2020-01-31
 Santa Clara County,2020-01-31
 Marco,2020-01-31
 My Chemical Romance,2020-01-31
 Vin Diesel,2020-01-31
 Cipollone,2020-01-31
 Murkowski,2020-01-31
 HAN IS BACK,2020-01-31
 Ighalo,2020-01-31
 Rubio,2020-01-31
 PETA,2020-01-31
 Tokyo Drift,2020-01-31
 Mase,2020-01-31
 Ticketmaster,2020-01-31
 Diddy,2020-01-31
 #FreeCodeFridayContest,2020-01-31
 #Fast9,2020-01-31
 #ImpeachmentTrialSham,2020-01-31
 Dershowitz,2020-01-31
 Roberts,2020-01-31
 #nmpol,2020-01-31
 Senate,2020-01-31
 America,2020-01-31
 #ADayInSchool,2020-01-31
 McConnell,2020-01-31
 Medicaid,2020-01-31
 Rand Paul,2020-01-31
 #RWBY7,2020-02-01
 #NationalTexasDay,2020-02-01
 #JusticeForJohnnyDepp,2020-02-01
 #cffc81,2020-02-01
 #Shadow50M,2020-02-01
 #OnWisconsin,2020-02-01
 #MUNWOL,2020-02-01
 #pcbb,2020-02-01
 #YangLovesIowa,2020-02-01
 #dayton6th,2020-02-01
 #VoteThemOut2020,2020-02-01
 #SaturdayThoughts,2020-02-01
 #hourlycomicday,2020-02-01
 #WaysToProveYoureWorthy,2020-02-01
 #USMNT,2020-02-01
 #NFLHonors,2020-02-01
 #ChangeAWordRuinASciFiMovie,2020-02-01
 #WONPOCALYPSE,2020-02-01
 #JABBAWOCKEEZxBTS,2020-02-01
 Reggie Perry,2020-02-01
 Greiss,2020-02-01
 Devin Vassell,2020-02-01
 Teske,2020-02-01
 Max Player,2020-02-01
 America's Greatest President,2020-02-01
 Boselli,2020-02-01
 UMass Boston,2020-02-01
 Brandon Johns,2020-02-01
 Brady Manek,2020-02-01
 Ryan McMahon,2020-02-01
 Stephon Gilmore,2020-02-01
 Pro Football Hall of Fame,2020-02-01
 Zach Thomas,2020-02-01
 Tillman,2020-02-01
 Tlaib,2020-02-01
 Rico Nasty,2020-02-01
 Andy Gill,2020-02-01
 Edgerrin James,2020-02-01
 #Caturday,2020-02-01
 Michael Moore,2020-02-01
 Steve Atwater,2020-02-01
 #AWKJSJFKSJFLA,2020-02-01
 Democrat,2020-02-01
 Bernie,2020-02-01
 Bloomberg,2020-02-01
 #VoteBlueNoMatterWho,2020-02-01
 #MoscowMitch,2020-02-01
 #BlackHistoryMonth,2020-02-01
 Hillary,2020-02-01
 #BHM2020,2020-02-01
 #CapsPens,2020-02-02
 #BernieWillWin,2020-02-02
 #HardSeltzerHardNo,2020-02-02
 #illvsiowa,2020-02-02
 #IowaCaucuses,2020-02-02
 #ALLCAPS,2020-02-02
 #sjubb,2020-02-02
 #nomeat_nocoronavirus,2020-02-02
 #PITvsWSH,2020-02-02
 #TeamFluff,2020-02-02
 #NOPvsHOU,2020-02-02
 #BAFTAs,2020-02-02
 #SundayThoughts,2020-02-02
 #COYS,2020-02-02
 #LetsGoPens,2020-02-02
 #Niners,2020-02-02
 #TOTMCI,2020-02-02
 #Groundhogsday,2020-02-02
 #TakisGameDayPromo,2020-02-02
 #MenAreNotVeryGoodAt,2020-02-02
 #PalindromeDay,2020-02-02
 #PepsiHalftime,2020-02-02
 #JanetJacksonAppreciationDay,2020-02-02
 #LGBTQclub,2020-02-02
 #VoteCafecito,2020-02-02
 #EGOComebackTrailer,2020-02-02
 Hard Rock Stadium,2020-02-02
 Josh Hart,2020-02-02
 Tom Wilson,2020-02-02
 Matt Murray,2020-02-02
 Tails,2020-02-02
 PJ Tucker,2020-02-02
 Garza,2020-02-02
 Butker,2020-02-02
 Semedo,2020-02-02
 Gould,2020-02-02
 Jrue Holiday,2020-02-02
 Ansu Fati,2020-02-02
 Vernon Davis,2020-02-02
 Carr,2020-02-02
 Lopez,2020-02-02
 Fran,2020-02-02
 Pitbull,2020-02-02
 John Kerry,2020-02-02
 #YangUnitesAmerica,2020-02-02
 #PuppyBowlXVI,2020-02-02
 #VoteBlueNoMatterWho,2020-02-02
 Hillary Clinton,2020-02-02
 #JusticeForJohnnyDepp,2020-02-02
 #SuperBowl,2020-02-02
 #DeadlineWH,2020-02-03
 #BTSxZachSang,2020-02-03
 #NationalGoldenRetrieverDay,2020-02-03
 #MidnightInWashington,2020-02-03
 #ShownuBestLeader,2020-02-03
 #TCEA,2020-02-03
 #KenStarr,2020-02-03
 #AB5Works,2020-02-03
 #LAwind,2020-02-03
 #NationalWomenPhysiciansDay,2020-02-03
 #GuardianGiveaways,2020-02-03
 #IfGivenASecondChance,2020-02-03
 #CIXinUSA,2020-02-03
 #Hamilfilm,2020-02-03
 #NoJudgement,2020-02-03
 #ALLFOR101,2020-02-03
 #ARSD,2020-02-03
 #TrumpIsAnIdiot,2020-02-03
 #HalftimeShow2020,2020-02-03
 #MondayMotivation,2020-02-03
 #WhyShowUp,2020-02-03
 #PrayForRush,2020-02-03
 Platinum Games,2020-02-03
 Alaska to the Russians,2020-02-03
 Dangen,2020-02-03
 Nobel Peace Prize,2020-02-03
 Sen. Manchin,2020-02-03
 Moneybagg,2020-02-03
 Texas A&M University-Commerce,2020-02-03
 Vic Beasley,2020-02-03
 Port Charlotte,2020-02-03
 Kamiya,2020-02-03
 Gerald,2020-02-03
 Weply,2020-02-03
 Dunkaroos,2020-02-03
 Theis,2020-02-03
 Wonderful 101,2020-02-03
 #WWESuperCard,2020-02-03
 G Eazy,2020-02-03
 Death Note,2020-02-03
 Capela,2020-02-03
 #ElijahByElijah,2020-02-03
 #CaucusForYang,2020-02-03
 #DescribeAMovieBadly,2020-02-03
 Rush Limbaugh,2020-02-03
 Mahomes,2020-02-03
 Kansas City,2020-02-03
 Andy Reid,2020-02-03
 Shakira,2020-02-03
 #SuperBowl,2020-02-03
 #ForTheH,2020-02-04
 #TuesdayTip,2020-02-04
 #chiefsparade,2020-02-04
 #GreenBiz20,2020-02-04
 #StateOfHealthCare,2020-02-04
 #IMustPayAttentionTo,2020-02-04
 #ewgc,2020-02-04
 #RareBeauty,2020-02-04
 #GoGreen,2020-02-04
 #livshr,2020-02-04
 #MyFavoriteShowFromThePast,2020-02-04
 #FACup,2020-02-04
 #DeepThoughtsFromGOPSenators,2020-02-04
 #YangUpgradesAmerica,2020-02-04
 #StopJayStation,2020-02-04
 #BoycottStateofUnion,2020-02-04
 #조직적으로활동중인악개오픈톡공론화,2020-02-04
 #gutlesspuke,2020-02-04
 #WorldCancerDay,2020-02-04
 I GOT PRESALE,2020-02-04
 Blackwell,2020-02-04
 Biden 15.6%,2020-02-04
 Greg Bird,2020-02-04
 Jags,2020-02-04
 Steve Kornacki,2020-02-04
 East Lansing,2020-02-04
 Abidal,2020-02-04
 Wiggins,2020-02-04
 Only 62%,2020-02-04
 Rich Paul,2020-02-04
 Coach D,2020-02-04
 Dolan,2020-02-04
 Narduzzi,2020-02-04
 Ja Morant,2020-02-04
 Sen. Susan Collins,2020-02-04
 Steve Cohen,2020-02-04
 Wilpons,2020-02-04
 Gio Reyna,2020-02-04
 Fickell,2020-02-04
 With 62%,2020-02-04
 Ben Carson,2020-02-04
 Mark Dantonio,2020-02-04
 #SOTU,2020-02-04
 Pete,2020-02-04
 #TheBachelor,2020-02-04
 Shakira,2020-02-04
 Rush Limbaugh,2020-02-04
 #SuperBowl,2020-02-04
 #IowaCaucus,2020-02-04
 #nmwx,2020-02-04
 #RomanceCanadianStyle,2020-02-05
 #IfItWasFineIWould,2020-02-05
 #NancyIsABadAss,2020-02-05
 #IBelieve,2020-02-05
 #ForeverImpeached,2020-02-05
 #WorldReadAloudDay2020,2020-02-05
 #ChiefsKingdomParade,2020-02-05
 #MapOfTheSoulTour,2020-02-05
 #NGWSD,2020-02-05
 #iowacaucases,2020-02-05
 Trayvon Martin,2020-02-05
 Senator Manchin,2020-02-05
 Alleged,2020-02-05
 Patrick and Steyer,2020-02-05
 Cocaine Mitch,2020-02-05
 Lisa Leslie,2020-02-05
 Shamet,2020-02-05
 MetLife,2020-02-05
 Mormons,2020-02-05
 Black Hawk County,2020-02-05
 gayle,2020-02-05
 Safaree,2020-02-05
 Bipartisan,2020-02-05
 Paxton,2020-02-05
 Bootcut Kenny,2020-02-05
 Pierre Delecto,2020-02-05
 Doug Jones,2020-02-05
 Deval Patrick,2020-02-05
 Article 1,2020-02-05
 Oubre,2020-02-05
 Milano,2020-02-05
 #GOPBetrayedAmerica,2020-02-05
 Acquitted,2020-02-05
 #BTSPresale,2020-02-05
 Not Guilty,2020-02-05
 #AmericansFindTrumpGuilty,2020-02-05
 #ImpeachmentVote,2020-02-05
 Nicki,2020-02-05
 #SOTU,2020-02-05
 President Trump,2020-02-05
 Mitt Romney,2020-02-05
 #atlas,2020-02-05
 #1linewed,2020-02-05
 #signingday2020,2020-02-05
 #rodryanshow,2020-02-05
 #ManifestoOfMistruths,2020-02-05
 #AmericansFindTrumpGuilty,2020-02-05
 #WorldNutellaDay,2020-02-05
 #AcquittalDay,2020-02-05
 #지민_상당히상당히사랑해,2020-02-05
 #rootgoat2020,2020-02-06
 #IowaCaucusesDisaster,2020-02-06
 #FireGarPax,2020-02-06
 #KidsNowadays,2020-02-06
 #ticketmaster,2020-02-06
 #OhWhatAReliefItIsTo,2020-02-06
 #BernieWonIA,2020-02-06
 #TheManLyricVideo,2020-02-06
 James Johnson,2020-02-06
 barca and madrid,2020-02-06
 Li Wenliang,2020-02-06
 Yucca Mountain,2020-02-06
 Bertans,2020-02-06
 Mook,2020-02-06
 Jerome Robinson,2020-02-06
 Neto,2020-02-06
 James Ennis,2020-02-06
 Rampage,2020-02-06
 Jeff Wilpon,2020-02-06
 Bilbao,2020-02-06
 D-Lo,2020-02-06
 Trey Burke,2020-02-06
 John Mulaney,2020-02-06
 Eric Weddle,2020-02-06
 Harrison Barnes,2020-02-06
 Tristan Thompson,2020-02-06
 Moe Harkless,2020-02-06
 Tom Perez,2020-02-06
 Copa del Rey,2020-02-06
 Barron,2020-02-06
 #NBATradeDeadline,2020-02-06
 Brandon Knight,2020-02-06
 Collison,2020-02-06
 Kuzma,2020-02-06
 JR Smith,2020-02-06
 Bill Cosby,2020-02-06
 Isaiah Thomas,2020-02-06
 #YikesTonight,2020-02-06
 Morris,2020-02-06
 Clippers,2020-02-06
 Wiggins,2020-02-06
 #btsdallas,2020-02-06
 Drummond,2020-02-06
 #nmpol,2020-02-06
 Interesting,2020-02-06
 Kirk Douglas,2020-02-06
 Impeached,2020-02-06
 Pelosi,2020-02-06
 #SOTU,2020-02-06
 Romney,2020-02-06
 #ArchivesHistoryCrush,2020-02-07
 #FanFriday,2020-02-07
 #PublicistsAwards,2020-02-07
 #NoShameTour,2020-02-07
 #NightToShine,2020-02-07
 #OurJoyJungkook,2020-02-07
 #NewMusicFriday,2020-02-07
 #UFC248,2020-02-07
 #WINGLUV,2020-02-07
 #AskChrisJones,2020-02-07
 #FlashbackFriday,2020-02-07
 #My20sTaughtMe,2020-02-07
 #100DaysFightingForWonho,2020-02-07
 #EndOfLifeRegrets,2020-02-07
 #AskLauren,2020-02-07
 #AskGreenDay,2020-02-07
 #UnpopularVacationDestinations,2020-02-07
 #DemDebate,2020-02-07
 #WearRedDay,2020-02-07
 #traphousereturns,2020-02-07
 Mountain Mama,2020-02-07
 Kendrys Morales,2020-02-07
 Dilla,2020-02-07
 Jessica Mendoza,2020-02-07
 Roger Kahn,2020-02-07
 James Krause,2020-02-07
 Chase Scanlan,2020-02-07
 where is ohio,2020-02-07
 Hunter Pence,2020-02-07
 Billy Hamilton,2020-02-07
 Tony Clark,2020-02-07
 NFL Combine,2020-02-07
 Texas 2,2020-02-07
 Carville,2020-02-07
 Antarctica,2020-02-07
 RIP Swagger,2020-02-07
 Purple Heart,2020-02-07
 #askmeek,2020-02-07
 #twitterdown,2020-02-07
 #freecodefridaycontest,2020-02-07
 Vindman,2020-02-07
 Interesting,2020-02-07
 Warren,2020-02-07
 #2020Census,2020-02-07
 Amazing,2020-02-07
 Native,2020-02-07
 Pete,2020-02-07
 #nmleg,2020-02-07
 Romney,2020-02-07
 #IBJ40,2020-02-07
 #VindictiveDictatorTrump,2020-02-08
 #ARCANIGHTINAMERICA,2020-02-08
 #LucasOil200,2020-02-08
 #ATTexplore,2020-02-08
 #ForgedByDC,2020-02-08
 #OverheardAtTheDMV,2020-02-08
 #Sabrapology,2020-02-08
 #ThingsHarleyQuinnNeverSaid,2020-02-08
 #SEAvsDC,2020-02-08
 #Caturday,2020-02-08
 #ForTheLoveOfFootball,2020-02-08
 #SpiritAwards,2020-02-08
 #OrangeFace,2020-02-08
 #iubb,2020-02-08
 LA Wildcats,2020-02-08
 Lauzon,2020-02-08
 DBFZ,2020-02-08
 dick vitale,2020-02-08
 Rahim Moore,2020-02-08
 Steve Levy,2020-02-08
 He Hate Me,2020-02-08
 Rashad Ross,2020-02-08
 Pep Hamilton,2020-02-08
 Myles Powell,2020-02-08
 Archie Miller,2020-02-08
 Pick 6,2020-02-08
 Cam Phillips,2020-02-08
 Brandon Silvers,2020-02-08
 Roughnecks,2020-02-08
 Seton Hall,2020-02-08
 Zoey 101,2020-02-08
 Vince McMahon,2020-02-08
 Dragons,2020-02-08
 Purdue,2020-02-08
 Assembly Hall,2020-02-08
 Jim Zorn,2020-02-08
 Bob Knight,2020-02-08
 Cardale Jones,2020-02-08
 The XFL,2020-02-08
 #XFL2020,2020-02-08
 White House,2020-02-08
 Satan,2020-02-08
 Warren,2020-02-08
 #GoLobos,2020-02-08
 Barr,2020-02-08
 Pete,2020-02-08
 #BernieSanders,2020-02-08
 #NHPrimary,2020-02-08
 Vindman,2020-02-08
 #DemDebate,2020-02-08
 #NormaniStreamingParty,2020-02-09
 #DerbyDellaMadoninna,2020-02-09
 #BeTheHunter,2020-02-09
 #powerseriesfinale,2020-02-09
 #DAYTONA500,2020-02-09
 #OTGala4,2020-02-09
 #maddenwithDezX,2020-02-09
 #LARain,2020-02-09
 #IGuaranteeMy,2020-02-09
 #ClearedToEngage,2020-02-09
 #FreeEnterprise,2020-02-09
 #SundayFunday,2020-02-09
 #BattleHawks,2020-02-09
 #MilanDerby,2020-02-09
 #BadPlacesToLoseYourUnderwear,2020-02-09
 #TrumpNotFitForOffice,2020-02-09
 #OnDuty,2020-02-09
 #BlueLivesMatter,2020-02-09
 #LGBTQof2020,2020-02-09
 #NationalPizzaDay,2020-02-09
 Dasani,2020-02-09
 Ryan Miller,2020-02-09
 Zlatan,2020-02-09
 Lukaku,2020-02-09
 Fekir,2020-02-09
 Jerry Glanville,2020-02-09
 Renegades,2020-02-09
 Bob Stoops,2020-02-09
 WHAT DM,2020-02-09
 Pat McAfee,2020-02-09
 Austin Dillon,2020-02-09
 Chase Elliott,2020-02-09
 Larson,2020-02-09
 Laura Dern,2020-02-09
 Betis,2020-02-09
 Kefla,2020-02-09
 Greg Olsen,2020-02-09
 Logano,2020-02-09
 Marc Trestman,2020-02-09
 John Wayne,2020-02-09
 Flowers,2020-02-09
 Aaron Murray,2020-02-09
 #Oscars,2020-02-09
 #BuschClash,2020-02-09
 Vindman,2020-02-09
 Joe Biden,2020-02-09
 Finally,2020-02-09
 #golobos,2020-02-09
 #XFL2020,2020-02-09
 #UFC247,2020-02-09
 #VeryColdFilms,2020-02-10
 #MotivationalMonday,2020-02-10
 #mtpdaily,2020-02-10
 #deadlinewh,2020-02-10
 #mmc2100,2020-02-10
 #INeverOutgrow,2020-02-10
 #Valentines2020,2020-02-10
 #FundLibraries,2020-02-10
 #LtColVindmanDay,2020-02-10
 #bloodlust,2020-02-10
 #LikeILikeMyCoffee,2020-02-10
 #IrresistibleTraits,2020-02-10
 #YIAYtour,2020-02-10
 #MCOsocks,2020-02-10
 #SuperMxhello82,2020-02-10
 Dom Capers,2020-02-10
 Nightcrawler,2020-02-10
 Baby Freak,2020-02-10
 Philip,2020-02-10
 Mike Bolsinger,2020-02-10
 Corby,2020-02-10
 Deaf Greg,2020-02-10
 Bioware,2020-02-10
 Taysom Hill,2020-02-10
 Lenox,2020-02-10
 Dubbing,2020-02-10
 5 Shows To Get To Know Me,2020-02-10
 Subtitles,2020-02-10
 BaD Radio,2020-02-10
 Gambit,2020-02-10
 Qinni,2020-02-10
 Reaper of Death,2020-02-10
 Pepper Johnson,2020-02-10
 Congrats Giannis,2020-02-10
 Quinnipiac,2020-02-10
 Scott Linehan,2020-02-10
 RATM,2020-02-10
 Hookers for Jesus,2020-02-10
 Rivers,2020-02-10
 #WeddingFail,2020-02-10
 Rage Against the Machine,2020-02-10
 #TrumpBudget,2020-02-10
 Rob Manfred,2020-02-10
 #RHS2,2020-02-10
 #QueenRadio,2020-02-10
 Eminem,2020-02-10
 Hollywood,2020-02-10
 Joker,2020-02-10
 Medicaid,2020-02-10
 #Oscars,2020-02-10
 #laisladelastentaciones10,2020-02-11
 #ItGotMessyWhen,2020-02-11
 #mnwildfirst,2020-02-11
 #GalaxyS20,2020-02-11
 #AndIWillAlwaysLove,2020-02-11
 #MagicTears,2020-02-11
 #BernieForNH,2020-02-11
 #BLOODLUST,2020-02-11
 #COVID19,2020-02-11
 #NHVoteYang,2020-02-11
 #MyTherapistConcluded,2020-02-11
 #BloombergIsARacist,2020-02-11
 #WomenInScience,2020-02-11
 #BestDateIn4Words,2020-02-11
 #TheBachelor,2020-02-11
 Tuesday Night Massacre,2020-02-11
 Battle Royale,2020-02-11
 Lina Ron,2020-02-11
 McCann,2020-02-11
 Maiquetía,2020-02-11
 Ron Roenicke,2020-02-11
 Prosecutors,2020-02-11
 Snowball,2020-02-11
 For Lent,2020-02-11
 Adam Jed,2020-02-11
 Zelinsky,2020-02-11
 Michael Marando,2020-02-11
 Judge Jackson,2020-02-11
 68 GB,2020-02-11
 Dwayne Wade,2020-02-11
 Wes Anderson,2020-02-11
 Steve Stoute,2020-02-11
 Samsung,2020-02-11
 Inked Magazine,2020-02-11
 Mickey Mouse,2020-02-11
 Justice Department,2020-02-11
 7 Albums to Know Me,2020-02-11
 Beltran,2020-02-11
 Zaya,2020-02-11
 Jussie Smollett,2020-02-11
 Knives Out 2,2020-02-11
 Roger Stone,2020-02-11
 Valentine's Day,2020-02-11
 Oscar,2020-02-11
 #thankslobos,2020-02-11
 #nmwx,2020-02-11
 #BroomChallenge,2020-02-11
 #NHprimary,2020-02-11
 #NMDLC2020,2020-02-11
 Barr,2020-02-11
 #WinStuffWednesday,2020-02-12
 #DrinkBlueContest,2020-02-12
 #Step1,2020-02-12
 #MWC2020,2020-02-12
 #CreditChat,2020-02-12
 #RHONY,2020-02-12
 #WatermarkConf,2020-02-12
 #wednesdaymood,2020-02-12
 #DarwinDay,2020-02-12
 #BernieWonNewHampshire,2020-02-12
 #prednisone,2020-02-12
 #MyOhMyMusicVideo,2020-02-12
 #LongLiveSpringDay,2020-02-12
 #ToAllTheBoysPSIStillLoveYou,2020-02-12
 #wherethesnowplowsare,2020-02-12
 #GymJordan,2020-02-12
 Step 2 CK,2020-02-12
 Severe Thunderstorm Watch,2020-02-12
 IMGs,2020-02-12
 Darrin Chiaverini,2020-02-12
 USMLE,2020-02-12
 James Shields,2020-02-12
 Spaceballs 2,2020-02-12
 Jay Park,2020-02-12
 Tim Sweeney,2020-02-12
 Burna,2020-02-12
 Joe Jonas,2020-02-12
 Peja,2020-02-12
 Ryan Day,2020-02-12
 Roenick,2020-02-12
 Medicare for All Who Want It,2020-02-12
 House Judiciary Committee,2020-02-12
 Brad Miller,2020-02-12
 Bill Russell,2020-02-12
 Long Chile,2020-02-12
 Bella Twins,2020-02-12
 Mr. Man,2020-02-12
 #IfGrandmaWroteCandyHearts,2020-02-12
 Amber Rose,2020-02-12
 Max Boot,2020-02-12
 #MythsAboutGenderRoles,2020-02-12
 Ohio 2,2020-02-12
 Rick Moranis,2020-02-12
 Bloomberg,2020-02-12
 #NMDLC2020,2020-02-12
 Stone,2020-02-12
 #NHprimary,2020-02-12
 Valentine's Day,2020-02-12
 Barr,2020-02-12
 #YangGang,2020-02-12
 #GivingHeartsDay,2020-02-13
 #JAEHYUN,2020-02-13
 #7DaysUntil7,2020-02-13
 #NeoZone_CrewVideo1,2020-02-13
 #NationalCheddarDay,2020-02-13
 #VisitEroda,2020-02-13
 #COMS3320,2020-02-13
 #ERANow,2020-02-13
 #MorphexJaclynHill,2020-02-13
 #EndItMovement,2020-02-13
 #FolkloreThursday,2020-02-13
 #SeventeenCaratDay,2020-02-13
 #cheaters,2020-02-13
 #ImABetterPersonWhen,2020-02-13
 #WorldRadioDay,2020-02-13
 #WeSupportYouHorikoshi,2020-02-13
 #TellMeALie,2020-02-13
 #BTSonFallon,2020-02-13
 2017 World Series,2020-02-13
 Gawain,2020-02-13
 Nike⁠ SNKRS,2020-02-13
 Grand Central,2020-02-13
 Verlander,2020-02-13
 Prager U,2020-02-13
 Deven Nunes,2020-02-13
 No Tellin,2020-02-13
 Carlos Correa,2020-02-13
 Arthurian,2020-02-13
 10 Movies to Know Me,2020-02-13
 McClatchy,2020-02-13
 Alex Bregman,2020-02-13
 The Green Knight,2020-02-13
 Stafford,2020-02-13
 #carnivalbarkingclown,2020-02-13
 #2월생_재현이를_1등으로_4랑해,2020-02-13
 #Xboxsweepstakes,2020-02-13
 Altuve,2020-02-13
 Dev Patel,2020-02-13
 #ThursdayThoughts,2020-02-13
 John Kelly,2020-02-13
 Hope Hicks,2020-02-13
 Jim Crane,2020-02-13
 Astros,2020-02-13
 #YangGang,2020-02-13
 Navajo,2020-02-13
 POTUS,2020-02-13
 Stone,2020-02-13
 Bloomberg,2020-02-13
 Valentine's Day,2020-02-13
 Barr,2020-02-13
 #feelgoodfriday,2020-02-14
 #RoadToOmaha,2020-02-14
 #FCSMGedcamp,2020-02-14
 #kuttistory,2020-02-14
 #MSC2020,2020-02-14
 #changesalbum,2020-02-14
 #rookie,2020-02-14
 #riveredsummit2020,2020-02-14
 #EclipseMoonbyul,2020-02-14
 #FTDP,2020-02-14
 #DiaDelAmorYlaAmistad,2020-02-14
 #AuthorsLoveTeachers,2020-02-14
 #NationalDonorDay,2020-02-14
 #FelizSanValentin,2020-02-14
 #DudesAndCats,2020-02-14
 #KissPitch,2020-02-14
 #onedaybreakup,2020-02-14
 #gooddaydc,2020-02-14
 #SinglesAwarenessDay,2020-02-14
 #ThingsFakeAF,2020-02-14
 Voyager 1,2020-02-14
 Saint Valentine,2020-02-14
 Amor y la Amistad,2020-02-14
 love day,2020-02-14
 Feliz Día,2020-02-14
 HE'S ALIVE,2020-02-14
 Ryan Hollins,2020-02-14
 New Tame Impala,2020-02-14
 Banksy,2020-02-14
 Tink,2020-02-14
 Happy VD,2020-02-14
 Hopper,2020-02-14
 #Parkland,2020-02-14
 #StrangerThings4,2020-02-14
 #powertrip,2020-02-14
 #FridayVibes,2020-02-14
 POTUS,2020-02-14
 #AllAboutLuv,2020-02-14
 Bloomberg,2020-02-14
 Astros,2020-02-14
 South Park,2020-02-14
 Barr,2020-02-14
 Valentine's Day,2020-02-14
 #MTVFloribamaShore,2020-02-14
 #sonicthehedgehogmovie,2020-02-14
 #UnlikelyBabyMascots,2020-02-14
 #IDeserveSomeLovingToo,2020-02-14
 #AwkwardConversationStarters,2020-02-14
 #SVU21,2020-02-14
 #bsportland,2020-02-14
 #kufanpix,2020-02-15
 #leadupchat,2020-02-15
 #myplmorning,2020-02-15
 #mockcon2020,2020-02-15
 #billmaher,2020-02-15
 #stemcampedu,2020-02-15
 #TheKitchen,2020-02-15
 #theclashcomp20,2020-02-15
 #BestAirDrumSongs,2020-02-15
 #1000dayswithACE,2020-02-15
 #sadderday,2020-02-15
 #OddPresidentsDaySales,2020-02-15
 #offwhite,2020-02-15
 #ThingsIWouldLikeToChange,2020-02-15
 #WhatMyExLeftBehind,2020-02-15
 #BTS_TOUR_SONG_REQUEST_NJ,2020-02-15
 Molusco,2020-02-15
 Sergi Roberto,2020-02-15
 Tessa Majors,2020-02-15
 jordi alba,2020-02-15
 Umtiti,2020-02-15
 King's Evil,2020-02-15
 Puma Mania,2020-02-15
 Philippine President Duterte,2020-02-15
 Bobby Rush,2020-02-15
 Griezmann,2020-02-15
 Authotized,2020-02-15
 Susan B. Anthony,2020-02-15
 Mike Tomlin,2020-02-15
 K Camp,2020-02-15
 Getafe,2020-02-15
 #StillVotingForYang,2020-02-15
 #AnnoySquidwardDay,2020-02-15
 Sam Donaldson,2020-02-15
 #BlackOutBTS,2020-02-15
 Rudolph,2020-02-15
 Garrett,2020-02-15
 YOU ARE NOT A KING,2020-02-15
 Myles,2020-02-15
 Tahitian Treat,2020-02-15
 #SaturdayMorning,2020-02-15
 #AMJoy,2020-02-15
 Emerson,2020-02-15
 SNKRS,2020-02-15
 Bloomberg,2020-02-15
 Astros,2020-02-15
 V-Day,2020-02-15
 Barr,2020-02-15
 McCabe,2020-02-15
 Valentine's Day,2020-02-15
 #HDIA,2020-02-16
 #FlowerReport,2020-02-16
 #SpeakUpForIdlib,2020-02-16
 #DETvsPIT,2020-02-16
 #CrashLandingOnYouFinale,2020-02-16
 #SingularityByV100M,2020-02-16
 #PIT4BUSCH,2020-02-16
 #HockeyDayInAmerica,2020-02-16
 #CCC49,2020-02-16
 #SignsYoureGoingStirCrazy,2020-02-16
 #CaratSelcaDay,2020-02-16
 #VictoryLap,2020-02-16
 #HowIFoundTheGSpot,2020-02-16
 #TheGroundhogSaw,2020-02-16
 #4daysuntil7,2020-02-16
 #YouCanTellALotAboutAPerson,2020-02-16
 #FakeBeachFacts,2020-02-16
 #SundayThoughts,2020-02-16
 #AMJoy,2020-02-16
 Home and Mikrokosmos,2020-02-16
 Xhaka,2020-02-16
 Tracey Winbush,2020-02-16
 Jed Lowrie,2020-02-16
 Nketiah,2020-02-16
 Ozil,2020-02-16
 Arteta,2020-02-16
 louder than bombs,2020-02-16
 Chinedu,2020-02-16
 Tom Cotton,2020-02-16
 Ceballos,2020-02-16
 Eugenics,2020-02-16
 Newcastle,2020-02-16
 AUBA,2020-02-16
 Dawkins,2020-02-16
 WE ARE BULLETPROOF,2020-02-16
 Saka,2020-02-16
 Lis Smith,2020-02-16
 #ARSNEW,2020-02-16
 #7TRACKLIST,2020-02-16
 #LGBTQProud,2020-02-16
 #DAYTONA500,2020-02-16
 Gotta,2020-02-16
 Astros,2020-02-16
 McCabe,2020-02-16
 Hillary,2020-02-16
 Bloomberg,2020-02-16
 POTUS,2020-02-16
 Valentine's Day,2020-02-16
 #ufcriorancho,2020-02-16
 Aaron Gordon,2020-02-16
 #ObamaWasBetterAtEverything,2020-02-17
 #Blueprint4MD,2020-02-17
 #RobisonLearns,2020-02-17
 #HCSLTI,2020-02-17
 #getyourmoneyright,2020-02-17
 #EWeek2020,2020-02-17
 #ABreakUpStory,2020-02-17
 #호비생일ᄎᄏ,2020-02-17
 #JusticiaParaFatima,2020-02-17
 #spacex,2020-02-17
 #thingsneversaidwhileruling,2020-02-17
 #BTSCarpoolFEB25,2020-02-17
 #하나뿐인_Jhope_하나뿐인_너,2020-02-17
 #AtThisPointInMyLife,2020-02-17
 #BreakFreePersona,2020-02-17
 #MakeAMovieFancy,2020-02-17
 #DK_VERNON_218bro_DAY,2020-02-17
 #StephenMillerWedding,2020-02-17
 #NeoZoneChartShow,2020-02-17
 #RandomActsOfKindnessDay,2020-02-17
 Beilein,2020-02-17
 Clijsters,2020-02-17
 Kehlani,2020-02-17
 Jordan Reed,2020-02-17
 taraz,2020-02-17
 Logan Act,2020-02-17
 Washington and Lincoln,2020-02-17
 Cespedes,2020-02-17
 andrew weatherall,2020-02-17
 Justin Turner,2020-02-17
 John Oliver,2020-02-17
 Nomar,2020-02-17
 George Washington,2020-02-17
 Mike Tomlin,2020-02-17
 American Deli,2020-02-17
 #MondayMotivation,2020-02-17
 #RTXOn,2020-02-17
 #HappyBirthdayJhope,2020-02-17
 Sonic,2020-02-17
 Gotta,2020-02-17
 President Trump,2020-02-17
 Bloomberg,2020-02-17
 #login,2020-02-17
 Hillary,2020-02-17
 POTUS,2020-02-17
 #DAYTONA500,2020-02-17
 Sanders,2020-02-17
 #RBRC2020,2020-02-17
 #DnDeejIsALiar,2020-02-17
 #thankyoucathy,2020-02-17
 #IOpenedTwitterAnd,2020-02-18
 #TwinsThemeNight,2020-02-18
 #pardon,2020-02-18
 #Homes4AllMN,2020-02-18
 #ModernDayPhobias,2020-02-18
 #Brits2020,2020-02-18
 #IdLikeToGetPaidFor,2020-02-18
 #askcharli,2020-02-18
 #OnMyBlock,2020-02-18
 #SweetTalk,2020-02-18
 #leadersedge,2020-02-18
 #ImSoLazyI,2020-02-18
 #MOTS7SWEEPSTAKES,2020-02-18
 #WhoDat,2020-02-18
 #정우를_만나고_눈부시게_빛나_어디든,2020-02-18
 #LoseAnArgumentIn3Words,2020-02-18
 #ThankYouACE,2020-02-18
 Eddie D,2020-02-18
 Faith No More,2020-02-18
 Wil Myers,2020-02-18
 Rosneft,2020-02-18
 Obama's Senate,2020-02-18
 Streamer,2020-02-18
 Teddy Bridgewater,2020-02-18
 Bradham,2020-02-18
 Michael Milken,2020-02-18
 Toni Morrison,2020-02-18
 Boy Scouts,2020-02-18
 Faulkner,2020-02-18
 Celebrity Apprentice,2020-02-18
 Nick Markakis,2020-02-18
 Logan Act,2020-02-18
 Bernie Kerik,2020-02-18
 Gauthier,2020-02-18
 DeBartolo,2020-02-18
 Aubrey Huff,2020-02-18
 Kaitlin Bennett,2020-02-18
 Illinois Gov,2020-02-18
 Drew Brees,2020-02-18
 #TuesdayThoughts,2020-02-18
 #NationalDrinkWineDay,2020-02-18
 Blago,2020-02-18
 Boosie,2020-02-18
 Girl,2020-02-18
 Pretty,2020-02-18
 White House,2020-02-18
 #RTXOn,2020-02-18
 #PresidentWarren,2020-02-18
 Sanders,2020-02-18
 #TheBachelor,2020-02-18
 #100andChange,2020-02-19
 #RyanNewnan,2020-02-19
 #TOTRBL,2020-02-19
 #Trumpocrat,2020-02-19
 #IsAMajorRedFlag,2020-02-19
 #ThisTagIsForChillVibes,2020-02-19
 #LoveYourHeartChat,2020-02-19
 #MCIWHU,2020-02-19
 #askmeg,2020-02-19
 #AdweekChat,2020-02-19
 #kbtribechat,2020-02-19
 #ChenWeLoveYou,2020-02-19
 #MarriageInOneWord,2020-02-19
 #POOPINGFORKAITLIN,2020-02-19
 #AlwaysWithACE,2020-02-19
 Favorite RB,2020-02-19
 Greg Robinson,2020-02-19
 Christopher Walking,2020-02-19
 GET ME LIT,2020-02-19
 Patrick Roy,2020-02-19
 5 BTS,2020-02-19
 Malgin,2020-02-19
 Kelsey Wingert,2020-02-19
 Canarsie,2020-02-19
 John Rood,2020-02-19
 Birtherism,2020-02-19
 Internal,2020-02-19
 Meet The Woo 2,2020-02-19
 State of the State,2020-02-19
 Damn Pop,2020-02-19
 Only 20,2020-02-19
 Lost Lands,2020-02-19
 Hollywood Hills,2020-02-19
 #WhoFundsTheFederalist,2020-02-19
 Rohrabacher,2020-02-19
 #WednesdayWisdom,2020-02-19
 #ExpediaChat,2020-02-19
 #cancelhouston,2020-02-19
 Assange,2020-02-19
 George Zimmerman,2020-02-19
 Pop Smoke,2020-02-19
 Girl,2020-02-19
 #amwriting,2020-02-19
 Putin,2020-02-19
 Elizabeth Warren,2020-02-19
 Remember,2020-02-19
 Bloomberg,2020-02-19
 Sanders,2020-02-19
 the pit,2020-02-19
 Alford,2020-02-19
 #VitaminConnectionGiveaway,2020-02-20
 #USAMfgHour,2020-02-20
 #ChiSTEPSummit,2020-02-20
 #LoversAndFriendsFest,2020-02-20
 #LALISAxPRADA,2020-02-20
 #AllForTheGators,2020-02-20
 #KatBarrell,2020-02-20
 #CLUMUN,2020-02-20
 #TwitterSmarter,2020-02-20
 #OneDayOneKU,2020-02-20
 #UnusuallyPricelessThings,2020-02-20
 #TodayIs_WendyDay,2020-02-20
 #HappyBirthdayRihanna,2020-02-20
 #YouWillNeverHearMeSay,2020-02-20
 #KurtCobain,2020-02-20
 #QuoteAMovieAtABadTime,2020-02-20
 #sailormoonxcolourpop,2020-02-20
 #7TODAY,2020-02-20
 #ThursdayThoughts,2020-02-20
 Kings Canyon,2020-02-20
 Leagues Cup,2020-02-20
 Brugge,2020-02-20
 Morgan Stanley,2020-02-20
 Don Toliver,2020-02-20
 ACNH,2020-02-20
 Big Papi,2020-02-20
 SEC Media Days,2020-02-20
 Vmin,2020-02-20
 Eli Roth,2020-02-20
 New Leaf,2020-02-20
 Isabelle,2020-02-20
 Dragan Bender,2020-02-20
 Kevin Stallings,2020-02-20
 Novembef,2020-02-20
 David Ortiz,2020-02-20
 Sabrina Claudio,2020-02-20
 Sevy,2020-02-20
 Severino,2020-02-20
 Tom Nook,2020-02-20
 #PBPitch,2020-02-20
 #Westworld,2020-02-20
 #RogerStoneSentencing,2020-02-20
 Animal Crossing,2020-02-20
 #LoveYourPetDay,2020-02-20
 Bernie,2020-02-20
 White House,2020-02-20
 Sanders,2020-02-20
 Bloomberg,2020-02-20
 Warren,2020-02-20
 #DemDebate,2020-02-20
 #NationalCaregiversDay,2020-02-21
 #CashAppFriday,2020-02-21
 #NewMusicFriday,2020-02-21
 #GoodTrouble,2020-02-21
 #FursuitFriday,2020-02-21
 #BenAppreciationDay,2020-02-21
 #MalcolmX,2020-02-21
 #teamknj,2020-02-21
 #DMC5Anniversary,2020-02-21
 #AtinySelcaDay,2020-02-21
 #FYExKPOP,2020-02-21
 #IfYouGiveAKidACamera,2020-02-21
 #FlashbackFriday,2020-02-21
 #BeardedButtigieg,2020-02-21
 #FridayThoughts,2020-02-21
 #StreamingPartyON,2020-02-21
 #BLOODLUST,2020-02-21
 #askgrimes,2020-02-21
 #QuadenBayles,2020-02-21
 3 NDAs,2020-02-21
 Zero Year,2020-02-21
 Krug,2020-02-21
 John Lewis,2020-02-21
 Dreger,2020-02-21
 Phanatic,2020-02-21
 JMBLYA,2020-02-21
 PewDiePie,2020-02-21
 Troy Daniels,2020-02-21
 Tyrion Lannister,2020-02-21
 Prince Amukamara,2020-02-21
 Alshon,2020-02-21
 Nina Simone,2020-02-21
 Laila Ali,2020-02-21
 He's 9,2020-02-21
 Backes,2020-02-21
 Taylor Gabriel,2020-02-21
 Sorokin,2020-02-21
 Kase,2020-02-21
 Markieff Morris,2020-02-21
 Paul Ryan,2020-02-21
 #FreeCodeFridayContest,2020-02-21
 Warren,2020-02-21
 #MoscowMitch,2020-02-21
 Socialism,2020-02-21
 #ADayInSchool,2020-02-21
 #LoveYourPetDay,2020-02-21
 Sanders,2020-02-21
 Stone,2020-02-21
 Russia,2020-02-21
 #BTSComeback2020,2020-02-21
 #CapsDevils,2020-02-22
 #KUvsBAY,2020-02-22
 #HOUvsTB,2020-02-22
 #PokemonGOCommunityDay,2020-02-22
 #bloombergforthepeople,2020-02-22
 #LEIMCI,2020-02-22
 #MiracleOnIce,2020-02-22
 #DiaryOfADisabledKid,2020-02-22
 #RockChalk,2020-02-22
 #ImStartingAGangCalled,2020-02-22
 #AtAge18,2020-02-22
 #Vipers,2020-02-22
 #ReadyToStrike,2020-02-22
 #kubball,2020-02-22
 #700vi,2020-02-22
 #WorthlessSuperPowers,2020-02-22
 #askprettymuch,2020-02-22
 #Caturday,2020-02-22
 Bill Self,2020-02-22
 Jigsaw,2020-02-22
 Democratic Establishment,2020-02-22
 Africanized,2020-02-22
 Senior Day,2020-02-22
 Bellagio,2020-02-22
 Rick Barnes,2020-02-22
 Steve Irwin,2020-02-22
 Gretzky,2020-02-22
 Isaiah Joe,2020-02-22
 Azubuike,2020-02-22
 Fetty,2020-02-22
 Quinton Flowers,2020-02-22
 Favorite Baseball Player Ever,2020-02-22
 Congrats Ovi,2020-02-22
 Alex Ovechkin,2020-02-22
 Cam Phillips,2020-02-22
 #7PartyON,2020-02-22
 Baylor,2020-02-22
 #NationalMargaritaDay,2020-02-22
 Masika,2020-02-22
 Clint Eastwood,2020-02-22
 PJ Walker,2020-02-22
 #NevadaCaucus,2020-02-22
 Jayda,2020-02-22
 Warren,2020-02-22
 Honestly,2020-02-22
 #NeverBernie,2020-02-22
 #MoscowMitch,2020-02-22
 Sanders,2020-02-22
 Putin,2020-02-22
 Russia,2020-02-22
 #ROKKR,2020-02-23
 #kticonnects,2020-02-23
 #askpatti,2020-02-23
 #AMJoy,2020-02-23
 #COYG,2020-02-23
 #WorkersWantM4A,2020-02-23
 #ARSEVE,2020-02-23
 #SEVENPARTY,2020-02-23
 #InnerChildChallenge,2020-02-23
 #BOSvsLAL,2020-02-23
 #FakeFriendsReunionFacts,2020-02-23
 #PITvsWSH,2020-02-23
 #ClearedToEngage,2020-02-23
 #Pennzoil400,2020-02-23
 #ALLCAPS,2020-02-23
 #BattleHawks,2020-02-23
 #DominateMeIn4Words,2020-02-23
 Arteta,2020-02-23
 Saka,2020-02-23
 Everton,2020-02-23
 Jo Adell,2020-02-23
 Seen It,2020-02-23
 John Carlson,2020-02-23
 Hagelin,2020-02-23
 Gigi Hadid,2020-02-23
 Never Trump,2020-02-23
 Yosohn,2020-02-23
 Tom Wilson,2020-02-23
 Faze,2020-02-23
 Tfue,2020-02-23
 Micah Potter,2020-02-23
 Lakers vs Celtics,2020-02-23
 Jada,2020-02-23
 Phanatic,2020-02-23
 Anand,2020-02-23
 Malkin,2020-02-23
 BTS GAME,2020-02-23
 Susan Sarandon,2020-02-23
 B. Smith,2020-02-23
 #SundayFunday,2020-02-23
 #LivestockTSSBDunk,2020-02-23
 #MansplainingIn5Words,2020-02-23
 #neveraloneLGBTQ,2020-02-23
 #VoteBlueNoMatterWho,2020-02-23
 Russia,2020-02-23
 Chris Matthews,2020-02-23
 Sanders,2020-02-23
 Putin,2020-02-23
 Fury,2020-02-23
 Bernie,2020-02-23
 #DBZKakarotSweepstakes,2020-02-24
 #GoogleInformedMe,2020-02-24
 #CelebrationOfLife,2020-02-24
 #FireBowman,2020-02-24
 #TwinPeaksDay,2020-02-24
 #MondayMotivaton,2020-02-24
 #NHLTradeDeadline,2020-02-24
 #RIPMamba,2020-02-24
 #LIVWHU,2020-02-24
 Vatanen,2020-02-24
 Sprong,2020-02-24
 Mammal,2020-02-24
 Diana Taurasi,2020-02-24
 Subban,2020-02-24
 Aldo,2020-02-24
 Rob Pelinka,2020-02-24
 Damn MJ,2020-02-24
 Staples Center,2020-02-24
 Fabianski,2020-02-24
 Goodrow,2020-02-24
 Parise,2020-02-24
 Scott Cochran,2020-02-24
 Nudy,2020-02-24
 Beyonce,2020-02-24
 Jimmy Kimmel,2020-02-24
 Moonlight Sonata,2020-02-24
 Sheary,2020-02-24
 Kahun,2020-02-24
 Christina Aguilera,2020-02-24
 Lehner,2020-02-24
 Skjei,2020-02-24
 Alicia Keys,2020-02-24
 Katherine Johnson,2020-02-24
 Gigi,2020-02-24
 Harvey Weinstein,2020-02-24
 Flint,2020-02-24
 West Ham,2020-02-24
 #MambaForever,2020-02-24
 Michael Jordan,2020-02-24
 #CashApp20Qs,2020-02-24
 #VoteBlueToSaveAmerica,2020-02-24
 Chris Matthews,2020-02-24
 Boise State,2020-02-24
 Putin,2020-02-24
 Sanders,2020-02-24
 Medicare,2020-02-24
 Bernie,2020-02-24
 #coronavirus,2020-02-24
 #BetterCallSaul,2020-02-24
 Kobe,2020-02-24
 #MiaSanMia,2020-02-25
 #NAPBAR,2020-02-25
 #MyDNATestProves,2020-02-25
 #CHEFCB,2020-02-25
 #SongLyricsThatRepresentMe,2020-02-25
 #Candyman,2020-02-25
 #ChampionsLeague,2020-02-25
 #LightningStrikes,2020-02-25
 #StupidLove,2020-02-25
 #GodzillaChallenge,2020-02-25
 #BisexualMenExist,2020-02-25
 #TheManMusicVideo,2020-02-25
 #deeperwiththedolantwins,2020-02-25
 #TheProfit,2020-02-25
 Bhad Bhabie,2020-02-25
 Tim Tebow,2020-02-25
 Reece James,2020-02-25
 Rakitic,2020-02-25
 Samurai Jack,2020-02-25
 Mertens,2020-02-25
 Jose Garcia,2020-02-25
 Gnabry,2020-02-25
 Jurassic World,2020-02-25
 Eisner,2020-02-25
 Spaceship Earth,2020-02-25
 Grossi,2020-02-25
 The CDC,2020-02-25
 Duffy,2020-02-25
 Skai,2020-02-25
 Napoli,2020-02-25
 Vidal,2020-02-25
 Larry Kudlow,2020-02-25
 Severino,2020-02-25
 #StupidPandemicQuestions,2020-02-25
 Hot Pockets,2020-02-25
 Alphonso Davies,2020-02-25
 Dick Pound,2020-02-25
 Bayern,2020-02-25
 #COVIDー19,2020-02-25
 #AddAWordRuinATVShow,2020-02-25
 Bob Iger,2020-02-25
 Democratic Party,2020-02-25
 Sanders,2020-02-25
 Medicare,2020-02-25
 #coronavirus,2020-02-25
 Mardi Gras,2020-02-25
 Peter,2020-02-25
 #TheBachelor,2020-02-25
 Cuba,2020-02-25
 Kobe,2020-02-25
 #HearHim,2020-02-26
 #vermin,2020-02-26
 #TheOtherSide,2020-02-26
 #สู้ๆนะมิว,2020-02-26
 #1linewed,2020-02-26
 #RisingQs,2020-02-26
 #PostLive,2020-02-26
 #TrayvonMartin,2020-02-26
 #AndThenIGotThrownOut,2020-02-26
 #ExposeABC,2020-02-26
 #SEMrushChat,2020-02-26
 #AHS10,2020-02-26
 #XSpoilers,2020-02-26
 #HumpDayMotivation,2020-02-26
 #FiveWordFairyTales,2020-02-26
 #WellnessWednesday,2020-02-26
 #iamnotokaywiththis,2020-02-26
 #HAPPYTENDAY2020,2020-02-26
 #tradenudes,2020-02-26
 James Franklin,2020-02-26
 Columbia Gas,2020-02-26
 Gary Thorne,2020-02-26
 Gabriel Fernandez,2020-02-26
 Steve Blake,2020-02-26
 LA Bowl,2020-02-26
 Dropmix,2020-02-26
 Car Seat Headrest,2020-02-26
 Kazuhisa Hashimoto,2020-02-26
 Chocker,2020-02-26
 Ann Coulter,2020-02-26
 Project Veritas,2020-02-26
 directed by taylor swift,2020-02-26
 Jim Clyburn,2020-02-26
 Pete Weber,2020-02-26
 Ogletree,2020-02-26
 Bring in the Boss,2020-02-26
 #DemocratDesserts,2020-02-26
 Ed Schultz,2020-02-26
 #Lent,2020-02-26
 Harryween,2020-02-26
 Maria Sharapova,2020-02-26
 #JohnnyCash,2020-02-26
 Russian TV,2020-02-26
 Earth,2020-02-26
 Castro,2020-02-26
 Fat Tuesday,2020-02-26
 #coronavirus,2020-02-26
 COVID-19,2020-02-26
 Cuba,2020-02-26
 #DemDebate,2020-02-26
 #ARSOLY,2020-02-27
 #BaldursGate3,2020-02-27
 #MUNBRU,2020-02-27
 #ImNotReallyYourFriendUntil,2020-02-27
 #SteelCageMatch,2020-02-27
 #FaithPitch,2020-02-27
 #NationalRetroDay,2020-02-27
 #WhatIWouldSayToTodaysYouth,2020-02-27
 #PrimaryWarren,2020-02-27
 #BringItON,2020-02-27
 #ThursdayThoughts,2020-02-27
 #drawingwhileblack,2020-02-27
 #GymsharkWin,2020-02-27
 #DLDay,2020-02-27
 #UniversalTitle,2020-02-27
 #ONVIDEOPARTY,2020-02-27
 #loveisblindfinale,2020-02-27
 Sacar,2020-02-27
 Trainer,2020-02-27
 Kelce,2020-02-27
 Greninja,2020-02-27
 Gym Name,2020-02-27
 Tony Todd,2020-02-27
 Destiny's Child,2020-02-27
 Jackhammer,2020-02-27
 Sling,2020-02-27
 Jungle Cruise,2020-02-27
 YTTV,2020-02-27
 Lesnar,2020-02-27
 Say So,2020-02-27
 Fox Sports,2020-02-27
 Hulu Live,2020-02-27
 CPAC,2020-02-27
 Doja Cat,2020-02-27
 Ricochet,2020-02-27
 Bray,2020-02-27
 #StayAwayFromPeopleWho,2020-02-27
 Sinclair,2020-02-27
 YouTube TV,2020-02-27
 #PokemonDay,2020-02-27
 Candyman,2020-02-27
 Jordan Peele,2020-02-27
 #SuperShowdown,2020-02-27
 Goldberg,2020-02-27
 #WWESSD,2020-02-27
 China,2020-02-27
 Air Force,2020-02-27
 COVID-19,2020-02-27
 #coronavirus,2020-02-27
 Pence,2020-02-27
 #FridayReads,2020-02-28
 #IncludeCrushJokeBright,2020-02-28
 #ACGME2020,2020-02-28
 #changesthemovement,2020-02-28
 #WGAstaffingboost,2020-02-28
 #HillaryPodcastTitles,2020-02-28
 #AACTE20,2020-02-28
 #GasForQ,2020-02-28
 #GoTexanDay,2020-02-28
 #BadBunny,2020-02-28
 #C2E22020,2020-02-28
 #YouAreAGoodRoleModelIf,2020-02-28
 #FursuitFriday,2020-02-28
 #FALLINGMUSICVIDEO,2020-02-28
 #DowJones,2020-02-28
 #ThankYouJonasBrothers,2020-02-28
 #HeartbreakWeatherWatch,2020-02-28
 #CreepyThingsThatShouldntExist,2020-02-28
 #CashAppFriday,2020-02-28
 #UPSDriverPleaseBringMe,2020-02-28
 #YtBring67MBack,2020-02-28
 #FridayFeeling,2020-02-28
 Every Democratic Candidates,2020-02-28
 Vardy,2020-02-28
 Bay Hill,2020-02-28
 Favorite 2D,2020-02-28
 Taggert,2020-02-28
 Andrew Miller,2020-02-28
 Huckabee,2020-02-28
 Yaviah,2020-02-28
 Superstore,2020-02-28
 Modelo,2020-02-28
 Pompeo,2020-02-28
 Tim Kaine,2020-02-28
 Remain in Mexico,2020-02-28
 Mulvaney,2020-02-28
 Freeman Dyson,2020-02-28
 Garth Brooks,2020-02-28
 38% of Americans,2020-02-28
 #StockMarketCrash2020,2020-02-28
 Giannis,2020-02-28
 #FreeCodeFridayContest,2020-02-28
 China,2020-02-28
 Beautiful,2020-02-28
 #TrumpVirus,2020-02-28
 #loveisblind,2020-02-28
 COVID-19,2020-02-28
 #StupidLove,2020-02-28
 Pence,2020-02-28
 Corona,2020-02-28
 #YHLQMDLGN,2020-02-29
 #KUvsKSU,2020-02-29
 #WeLoveBenSolo,2020-02-29
 #NERevs,2020-02-29
 #PremierLeague,2020-02-29
 #DCvCOL,2020-02-29
 #Lightningstrikes,2020-02-29
 #ObviousSecretIdentities,2020-02-29
 #MLSisBack,2020-02-29
 #SanFranciscoNH,2020-02-29
 #pcbb,2020-02-29
 #Splashforcetookstock,2020-02-29
 #SCprimary2020,2020-02-29
 #QuantumLeap,2020-02-29
 #invincibles,2020-02-29
 #Caturday,2020-02-29
 #YNWA,2020-02-29
 #Atlanta2020,2020-02-29
 #heautifulharries,2020-02-29
 Ed Cooley,2020-02-29
 Friars,2020-02-29
 Vicarage Road,2020-02-29
 Shaka Smart,2020-02-29
 Hendo,2020-02-29
 Mike White,2020-02-29
 Jackass,2020-02-29
 The Invincibles,2020-02-29
 Bruce Weber,2020-02-29
 Trader Joe,2020-02-29
 Astralis,2020-02-29
 Troy Deeney,2020-02-29
 Maximum Security,2020-02-29
 Chapo,2020-02-29
 Luis Perez,2020-02-29
 Fauci,2020-02-29
 First US,2020-02-29
 Sarr,2020-02-29
 Waka,2020-02-29
 Washington State,2020-02-29
 #olympicmarathontrials,2020-02-29
 Lovren,2020-02-29
 Afghanistan,2020-02-29
 Taliban,2020-02-29
 #IfTwitterEndedTomorrow,2020-02-29
 #LeapDay,2020-02-29
 Liverpool,2020-02-29
 Pence,2020-02-29
 COVID-19,2020-02-29
 #HBDtoWONHO,2020-02-29
 #CoronavirusOutbreak,2020-02-29
 #HappyBirthdayJustin,2020-03-01
 #BCDub,2020-03-01
 #SeductiveSunday,2020-03-01
 #PorkUpAMovie,2020-03-01
 #MakesMeLaughOutLoud,2020-03-01
 #CLBvNYC,2020-03-01
 #NYSuptsWI,2020-03-01
 #EVEMUN,2020-03-01
 #ForeverWithTheRose,2020-03-01
 #safaerachallenge,2020-03-01
 #FakeLeapDayFacts,2020-03-01
 #AutoClub400,2020-03-01
 #Crew96,2020-03-01
 #sjubb,2020-03-01
 #SEAvCHI,2020-03-01
 #March1st,2020-03-01
 #PHIvsNYR,2020-03-01
 #RBNY,2020-03-01
 #SMPLIVE,2020-03-01
 #grambling_rys20,2020-03-01
 #PlasticBagBan,2020-03-01
 #SundayThoughts,2020-03-01
 #WomensHistoryMonth,2020-03-01
 #2YearsIntoHopeWorld,2020-03-01
 #7BillboardNo1Album,2020-03-01
 #ElClasico,2020-03-01
 Favorite Pokemon,2020-03-01
 Dane Acker,2020-03-01
 Flav,2020-03-01
 Everton,2020-03-01
 The Flyers,2020-03-01
 Lil Uzi,2020-03-01
 Kyle Wright,2020-03-01
 De Gea,2020-03-01
 Vamos Barca,2020-03-01
 New Uzi,2020-03-01
 Happy 3-1,2020-03-01
 Lundqvist,2020-03-01
 Selma,2020-03-01
 Marcelo,2020-03-01
 Creighton,2020-03-01
 #LGBTQpower,2020-03-01
 #DropOutBernie,2020-03-01
 Bad Bunny,2020-03-01
 #GoLobos,2020-03-01
 #COVID19,2020-03-01
 #TrumpLiesAboutCoronavirus,2020-03-01
 Super Tuesday,2020-03-01
 Utah State,2020-03-01
 Biden,2020-03-01
 #GannonStauch,2020-03-02
 #LaysVoiceEntry,2020-03-02
 #womenshistorymonth2020,2020-03-02
 #WiDS2020,2020-03-02
 #WendysBreakfast,2020-03-02
 #VisibleWomen,2020-03-02
 #smmw2020,2020-03-02
 #BorrowingSongs,2020-03-02
 #MuslimsForBernie,2020-03-02
 #LateLateNiall,2020-03-02
 #safaerachallege,2020-03-02
 #TheBachelorette,2020-03-02
 #TexasIndependenceDay,2020-03-02
 #ThankYouAmy,2020-03-02
 #DrSeussDay,2020-03-02
 #LoseYourJobIn4Words,2020-03-02
 #CHROMATICA,2020-03-02
 #BTSWORLDDOMINATION,2020-03-02
 #FF7R,2020-03-02
 #robinhood,2020-03-02
 #ARMYSelcaDay,2020-03-02
 The Iron Giant,2020-03-02
 Harryween,2020-03-02
 Valorant,2020-03-02
 Foles,2020-03-02
 Burisma,2020-03-02
 Manchester by the Sea,2020-03-02
 North Star Mall,2020-03-02
 Judge Judy,2020-03-02
 Matz,2020-03-02
 Who is Q,2020-03-02
 Artemis Fowl,2020-03-02
 Jack Welch,2020-03-02
 Ron Johnson,2020-03-02
 Honey Pot,2020-03-02
 #ReadAcrossAmerica,2020-03-02
 #MondayMotivation,2020-03-02
 #AmyKlobuchar,2020-03-02
 James Lipton,2020-03-02
 POTUS,2020-03-02
 #TrumpLiesAboutCoronavirus,2020-03-02
 Warren,2020-03-02
 #nmwx,2020-03-02
 Mountain West,2020-03-02
 Super Tuesday,2020-03-02
 Mayor Pete,2020-03-02
 Biden,2020-03-02
 #wentviralwhen,2020-03-02
 #널_위해_싸우는_일_절대_멈추지_않을게,2020-03-02
 #WarlordsOfNewYork,2020-03-02
 #AWPvirtualbookfair,2020-03-03
 #TexasPrimary,2020-03-03
 #SweetTalk,2020-03-03
 #robinhoodoutage,2020-03-03
 #MannFire,2020-03-03
 #AuthorMentorMatch,2020-03-03
 #KickItMVTeaser,2020-03-03
 #TravelTuesday,2020-03-03
 #303Day,2020-03-03
 #FederalReserve,2020-03-03
 #MakesMeSayYes,2020-03-03
 #GetJuicy,2020-03-03
 #tmobiletuesdays,2020-03-03
 #OneDreamWithTXT,2020-03-03
 #CHELIV,2020-03-03
 #FrozenFoodMonth,2020-03-03
 #WorldWildlifeDay,2020-03-03
 #WhyIWasQuarantined,2020-03-03
 #WithTheseHands,2020-03-03
 josina anderson,2020-03-03
 Kolten Wong,2020-03-03
 Brit Hume,2020-03-03
 Martin Perez,2020-03-03
 Tejas,2020-03-03
 Halo CE,2020-03-03
 Favorite OST,2020-03-03
 I LOVE YOU JIMIN,2020-03-03
 Middle Tennessee,2020-03-03
 Chris Sale,2020-03-03
 Snacks,2020-03-03
 Warzone,2020-03-03
 Gelo,2020-03-03
 The Knicks,2020-03-03
 The Fed,2020-03-03
 Lavar,2020-03-03
 Cover 3,2020-03-03
 Dolan,2020-03-03
 #Covid_19,2020-03-03
 #IVoted,2020-03-03
 Only Fans,2020-03-03
 Donna Brazile,2020-03-03
 #TheBachelor,2020-03-03
 #Warren,2020-03-03
 Chris Matthews,2020-03-03
 Bernie,2020-03-03
 Nashville,2020-03-03
 Biden,2020-03-03
 #SuperTuesday,2020-03-03
 #TravelTuesday,2020-03-03
 #BetoORourke,2020-03-03
 #MichiganPrimary,2020-03-04
 #RejectedDessertNames,2020-03-04
 #NCCE2020,2020-03-04
 #COVID19seattle,2020-03-04
 #MarchForth,2020-03-04
 #pocsos,2020-03-04
 #DearYeriDay,2020-03-04
 #PowerbeatsPro,2020-03-04
 #ItMakesMeFeel____When,2020-03-04
 #NeverWornWhite,2020-03-04
 #TheChallenge35,2020-03-04
 #MyRightMyDecision,2020-03-04
 #NationalGrammarDay,2020-03-04
 #CatherineOHaraDay,2020-03-04
 #CoronaAlert,2020-03-04
 #PlayStation2,2020-03-04
 #RiggedPrimary,2020-03-04
 #FreeTheDELETE,2020-03-04
 Lunging Vegans,2020-03-04
 Talcum X,2020-03-04
 Tumbler,2020-03-04
 john candy,2020-03-04
 Mankato East,2020-03-04
 Luis Francisco Ojeda,2020-03-04
 The PS2,2020-03-04
 Busch Clash,2020-03-04
 Star Wars Battlefront 2,2020-03-04
 Uncle Buck,2020-03-04
 Hervis Rogers,2020-03-04
 Dom Smith,2020-03-04
 Ratchet and Clank,2020-03-04
 Pete Alonso,2020-03-04
 Vice City,2020-03-04
 SSX Tricky,2020-03-04
 NFL Street,2020-03-04
 Fleets,2020-03-04
 San Andreas,2020-03-04
 #ExpediaChat,2020-03-04
 Dixie Chicks,2020-03-04
 Alex Trebek,2020-03-04
 No Time To Die,2020-03-04
 #KickItWithNCT127,2020-03-04
 #WednesdayWisdom,2020-03-04
 #BlackSwan,2020-03-04
 Batmobile,2020-03-04
 Trump,2020-03-04
 Democratic Party,2020-03-04
 #SuperTuesday,2020-03-04
 Biden,2020-03-04
 #ivoted,2020-03-04
 #RSD20,2020-03-05
 #ElonDay,2020-03-05
 #Howard_rys20,2020-03-05
 #NexstarWX,2020-03-05
 #BudLucky,2020-03-05
 #RebelsRemembered,2020-03-05
 #305Day,2020-03-05
 #CautionMayContain,2020-03-05
 #LockTheClock,2020-03-05
 #SCOOB,2020-03-05
 #ThatWasSoEmbarrassing,2020-03-05
 #AlaskaHappyHour,2020-03-05
 #DoctorsSpeakUp,2020-03-05
 #Mars2020,2020-03-05
 #NeverthelessShePersisted,2020-03-05
 #MoveHumanityForward,2020-03-05
 #WorldBookDay,2020-03-05
 #loveisblindReunion,2020-03-05
 #ThursdayThoughts,2020-03-05
 Parasite Eve,2020-03-05
 Maple Grove,2020-03-05
 Craig Mazin,2020-03-05
 Tito's Vodka,2020-03-05
 Oswald the Lucky Rabbit,2020-03-05
 Joel and Ellie,2020-03-05
 The Fight Goes On,2020-03-05
 Tirico,2020-03-05
 Jason Peters,2020-03-05
 TLOU,2020-03-05
 J Prince,2020-03-05
 Ghost of Tsushima,2020-03-05
 Wale,2020-03-05
 Miggy,2020-03-05
 Senate Majority Leader,2020-03-05
 Josh Gordon,2020-03-05
 First Take,2020-03-05
 Aaron Schock,2020-03-05
 The Last of Us,2020-03-05
 Al Michaels,2020-03-05
 Gerrit Cole,2020-03-05
 The Wire,2020-03-05
 #PitMad,2020-03-05
 #ThankYouElizabeth,2020-03-05
 #AWP20,2020-03-05
 Sanders,2020-03-05
 #nmleg,2020-03-05
 #CoronavirusOutbreak,2020-03-05
 Warren,2020-03-05
 Schumer,2020-03-05
 Biden,2020-03-05
 #NTTBF20,2020-03-06
 #BEWPS,2020-03-06
 #AJAndTheQueen,2020-03-06
 #IbottaCashBackGiveaway,2020-03-06
 #IncludeWorshipRareThird,2020-03-06
 #saveoursleep,2020-03-06
 #AngryBlackWomen,2020-03-06
 #TakeATuneToTheDentist,2020-03-06
 #RIPNATEWOODS,2020-03-06
 #MathIsHard,2020-03-06
 #NewMusicFriday,2020-03-06
 #HillaryOnHulu,2020-03-06
 #FursuitFriday,2020-03-06
 #아미는고마워요,2020-03-06
 #InternationalWomensDay,2020-03-06
 #FridayThoughts,2020-03-06
 XO Tour Life,2020-03-06
 UZI DROPPED,2020-03-06
 Venetia,2020-03-06
 Northern Iowa,2020-03-06
 Henri Richard,2020-03-06
 Yoel Romero,2020-03-06
 Homecoming,2020-03-06
 Social Security and Medicare,2020-03-06
 Jadakiss,2020-03-06
 Bigger Than Life,2020-03-06
 Celebration Station,2020-03-06
 Honda Accord,2020-03-06
 Freddie Freeman,2020-03-06
 Brian Williams,2020-03-06
 Nemesis,2020-03-06
 Chrome Heart Tags,2020-03-06
 Prices,2020-03-06
 You Better Move,2020-03-06
 Ken Buck,2020-03-06
 Silly Watch,2020-03-06
 Lil Uzi,2020-03-06
 AR-15,2020-03-06
 Baby Pluto,2020-03-06
 #EmployeeAppreciationDay,2020-03-06
 Eternal Atake,2020-03-06
 Elizabeth Warren,2020-03-06
 Lobos,2020-03-06
 #Albuquerque,2020-03-06
 Guess,2020-03-06
 #mwmadness,2020-03-06
 Schumer,2020-03-06
 #PitMad,2020-03-06
 Biden,2020-03-06
 #GreysAnatomy,2020-03-06
 #ENGvWAL,2020-03-07
 #SoSickOf,2020-03-07
 #JimJordanResign,2020-03-07
 #NationalCerealDay,2020-03-07
 #MeetMeAtTheBar,2020-03-07
 #asktalksmachina,2020-03-07
 #COYG,2020-03-07
 #WSHvsPIT,2020-03-07
 #UKvsUF,2020-03-07
 #BernieBrothers,2020-03-07
 #WISvsIU,2020-03-07
 #ARSWHU,2020-03-07
 #fthismoviefest,2020-03-07
 #DaylightSavings,2020-03-07
 #TheReasonBigfootIsHiding,2020-03-07
 #ParentingIn4Words,2020-03-07
 #TakeCareSeungri,2020-03-07
 #DiaperDon,2020-03-07
 #SaturdayThoughts,2020-03-07
 Reuvers,2020-03-07
 Acela,2020-03-07
 sean marks,2020-03-07
 Maxey,2020-03-07
 Trice,2020-03-07
 Race Thompson,2020-03-07
 Devonte Green,2020-03-07
 Jarry,2020-03-07
 Scottie Lewis,2020-03-07
 Lo Celso,2020-03-07
 Ashton Hagans,2020-03-07
 Samir Doughty,2020-03-07
 Brad Davison,2020-03-07
 Greg Gard,2020-03-07
 Burnley,2020-03-07
 Micah Potter,2020-03-07
 Big Ten Champs,2020-03-07
 Bill Maher,2020-03-07
 Nets,2020-03-07
 Kyrie,2020-03-07
 Erik Prince,2020-03-07
 Kenny Atkinson,2020-03-07
 #HellNoJoe,2020-03-07
 #BeBest,2020-03-07
 Depends,2020-03-07
 President Trump,2020-03-07
 New Mexican,2020-03-07
 #AWP20,2020-03-07
 Finally,2020-03-07
 #Albuquerque,2020-03-07
 #COVID19,2020-03-07
 #SaidDuringBoardGamesAndSex,2020-03-08
 #LightningStrikes,2020-03-08
 #SagaGiveaway,2020-03-08
 #beersnake,2020-03-08
 #JuveInter,2020-03-08
 #4FaveWomen,2020-03-08
 #AddTrumpRuinABook,2020-03-08
 #MUNMCI,2020-03-08
 #SugaOurBrightestStar,2020-03-08
 #ManchesterDerby,2020-03-08
 #MUFC,2020-03-08
 #HBDSUGAItsARMY,2020-03-08
 #FakeConcertFacts,2020-03-08
 #Soleus25k,2020-03-08
 #SundayFunday,2020-03-08
 #EarnRespectIn5Words,2020-03-08
 #FanShield500,2020-03-08
 #lakersvsclippers,2020-03-08
 #askjaypark,2020-03-08
 #issaLGBTQ,2020-03-08
 #IWD2020,2020-03-08
 #HappyBirthdayYoongi,2020-03-08
 #LALvsLAC,2020-03-08
 #WritingCommunity,2020-03-08
 Jeff Van Gundy,2020-03-08
 Hamlin,2020-03-08
 Dybala,2020-03-08
 Tyler Reddick,2020-03-08
 Rocket Watts,2020-03-08
 Surgeon General,2020-03-08
 Ben Carson,2020-03-08
 Da Baby,2020-03-08
 Zubac,2020-03-08
 Jesse Jackson,2020-03-08
 Marcus Morris,2020-03-08
 Steve Javie,2020-03-08
 Vogel,2020-03-08
 Danny Green,2020-03-08
 Pat Bev,2020-03-08
 Paul George,2020-03-08
 Avery Bradley,2020-03-08
 Rondo,2020-03-08
 Costco,2020-03-08
 #twitch,2020-03-08
 #SomosUnidos,2020-03-08
 #Bernie2020,2020-03-08
 #COVID19,2020-03-08
 Lobo,2020-03-08
 DUE UP,2020-03-08
 #InternationalWomensDay,2020-03-08
 #BadTimesForANap,2020-03-09
 #AVFC,2020-03-09
 #PBParty,2020-03-09
 #formativechat,2020-03-09
 #엔시티즌잘지내고있어,2020-03-09
 #CobbInTechChat,2020-03-09
 #LEIAVL,2020-03-09
 #MPATUO,2020-03-09
 #TheBachelorFinale,2020-03-09
 #SanitizeASong,2020-03-09
 #MondayMixer,2020-03-09
 #ltwtbarcelona,2020-03-09
 #UBIStimulus,2020-03-09
 #태형아_사랑해,2020-03-09
 #FoxTownHall,2020-03-09
 #AdvantagesToProcrastinating,2020-03-09
 #kidquotes,2020-03-09
 Kelso,2020-03-09
 Bobby Bonilla,2020-03-09
 St. Patrick's Day Parade,2020-03-09
 NHL and MLS,2020-03-09
 Stairway to Heaven,2020-03-09
 FNCS,2020-03-09
 Happy Purim,2020-03-09
 THROUGH THE DARK,2020-03-09
 Oprah's Bank Account,2020-03-09
 Yachty,2020-03-09
 Thor 4,2020-03-09
 CUNY,2020-03-09
 Cuyahoga County,2020-03-09
 Dow Joans,2020-03-09
 Payroll,2020-03-09
 Notifications,2020-03-09
 Warzone,2020-03-09
 Doug Collins,2020-03-09
 Al Sharpton,2020-03-09
 Gohmert,2020-03-09
 All of Italy,2020-03-09
 Air Force One,2020-03-09
 #AddAComedianToAMovie,2020-03-09
 Gaetz,2020-03-09
 GameStop,2020-03-09
 President Trump,2020-03-09
 Putin,2020-03-09
 COVID-19,2020-03-09
 #virtualaera,2020-03-09
 #aera2020,2020-03-09
 CPAC,2020-03-09
 #CoronavirusOutbreak,2020-03-09
 #InternationalWomensDay,2020-03-09
 #JungleCruise,2020-03-10
 #NWGHAAD,2020-03-10
 #TravelTuesday,2020-03-10
 #FCMostInnovative,2020-03-10
 #TongueOutTuesday,2020-03-10
 #SalesforceMVP,2020-03-10
 #WhyImStillQuarantined,2020-03-10
 #Momnibus,2020-03-10
 #SuperTuesday2,2020-03-10
 #JillSteinIsARussianAsset,2020-03-10
 #CUNY,2020-03-10
 #ar14,2020-03-10
 #드림에게도_소중한_꿈,2020-03-10
 #TheFirstChanceIGet,2020-03-10
 #SweetTalk,2020-03-10
 #OldMeVideo,2020-03-10
 #CelebrateAbortionProviders,2020-03-10
 #MichiganVotes,2020-03-10
 #Warzone,2020-03-10
 #TuesdayThoughts,2020-03-10
 #MattGaetzIsAQuarantinedTool,2020-03-10
 #BidensCognitiveDecline,2020-03-10
 nfl street,2020-03-10
 US Soccer,2020-03-10
 Brandon Knight,2020-03-10
 SNKRS,2020-03-10
 Joey Votto,2020-03-10
 Berea College,2020-03-10
 Something Comforting,2020-03-10
 Mason Jones,2020-03-10
 Super Mario World,2020-03-10
 Kirksey,2020-03-10
 CIAC,2020-03-10
 Horizon Zero Dawn,2020-03-10
 Ollie,2020-03-10
 Chuck Norris,2020-03-10
 Madden,2020-03-10
 Good for Joe,2020-03-10
 Ivy League,2020-03-10
 #BernieSurge,2020-03-10
 #MAR10Day,2020-03-10
 New Rochelle,2020-03-10
 AR-14,2020-03-10
 #DemExit,2020-03-10
 Earth,2020-03-10
 Gotta,2020-03-10
 CPAC,2020-03-10
 Italy,2020-03-10
 #COVID2019,2020-03-10
 #TheBachelor,2020-03-10
 #PSGDOR,2020-03-11
 #AskCDC,2020-03-11
 #OnMyBlock3,2020-03-11
 #adweekchat,2020-03-11
 #WorstPresidentInHistory,2020-03-11
 #CreditChat,2020-03-11
 #TheView,2020-03-11
 #bearmarket,2020-03-11
 #flatteningthecurve,2020-03-11
 #TheGangLovesYang,2020-03-11
 #ICantAffordAVacationSo,2020-03-11
 #DemExit2020,2020-03-11
 #지민아_사랑해,2020-03-11
 #LIVATL,2020-03-11
 #ExpediaChat,2020-03-11
 #WithLoveFromARMY,2020-03-11
 #trollingforgood,2020-03-11
 #E3Cancelled,2020-03-11
 #WednesdayWisdom,2020-03-11
 #berniedropout,2020-03-11
 Greenspoint,2020-03-11
 Golden State Warriors,2020-03-11
 Xavier Johnson,2020-03-11
 College Football Hall of Fame,2020-03-11
 Happy Birthday Zoey,2020-03-11
 Mike DeWine,2020-03-11
 NSAA,2020-03-11
 Big Hero 6,2020-03-11
 Alfonso Plummer,2020-03-11
 HLSR,2020-03-11
 Cosby,2020-03-11
 Avengers Campus,2020-03-11
 FLATTER YOURSELF,2020-03-11
 Vanity Fair,2020-03-11
 Stark County,2020-03-11
 The World Health Organization,2020-03-11
 Chase Center,2020-03-11
 Seattle Public Schools,2020-03-11
 Remain in Mexico,2020-03-11
 Dr. Fauci,2020-03-11
 Richard Marx,2020-03-11
 SUNY,2020-03-11
 #RODEOHOUSTON2020,2020-03-11
 Harvey Weinstein,2020-03-11
 #Trumpdemic,2020-03-11
 Biden,2020-03-11
 Hannah Ann,2020-03-11
 #TheBachelor,2020-03-11
 #coronavirus,2020-03-11
 #COVID19,2020-03-11
 #ssf2020,2020-03-12
 #Broadway,2020-03-12
 #AndThenIGotBurned,2020-03-12
 #GSUEdLead,2020-03-12
 #FamiliesFirst,2020-03-12
 #WeGotThisSeattle,2020-03-12
 #ItCameFullCircleWhen,2020-03-12
 #WeNeedBernie,2020-03-12
 #BarstoolBestBar,2020-03-12
 Wyandotte County,2020-03-12
 Xbox Live,2020-03-12
 Naughty Dog,2020-03-12
 Wag the Dog,2020-03-12
 ELBOW TOUCH,2020-03-12
 All Maryland,2020-03-12
 Planet of the Apes,2020-03-12
 National Champions,2020-03-12
 Antlers,2020-03-12
 ESPN Classic,2020-03-12
 Jay Electronica,2020-03-12
 Boosie Bash,2020-03-12
 BuT HoW WiLl We PaY fOr It,2020-03-12
 Iranian-backed,2020-03-12
 Mikel,2020-03-12
 Universal Studios Hollywood,2020-03-12
 Tomorrow is Friday the 13th,2020-03-12
 Chelsea Manning,2020-03-12
 College World Series,2020-03-12
 $1.5 Trillion,2020-03-12
 Premier League,2020-03-12
 The Fed,2020-03-12
 Dan Gilbert,2020-03-12
 Vince McMahon,2020-03-12
 #HeartbreakWeather,2020-03-12
 LUV vs The World 2,2020-03-12
 Arteta,2020-03-12
 #SUGASPREE,2020-03-12
 #PresidentSanders,2020-03-12
 Kevin Love,2020-03-12
 Katie Porter,2020-03-12
 New Mutants,2020-03-12
 #YIAYhi,2020-03-12
 Disneyland,2020-03-12
 Italy,2020-03-12
 Tom Hanks,2020-03-12
 Europe,2020-03-12
 COVID-19,2020-03-12
 #CoronavirusPandemic,2020-03-12
 March Madness,2020-03-12
 #KySTE2020,2020-03-12
 #WHYRUep8,2020-03-13
 #ChromaticaBallTour,2020-03-13
 #workingfromhome,2020-03-13
 #powertrip,2020-03-13
 #closenycschools,2020-03-13
 #rickyzoomtoyboom,2020-03-13
 #MarkTuan2ndChineseSingle,2020-03-13
 #313Day,2020-03-13
 #BernieIsRight,2020-03-13
 #ArchivesLadiesWhoLead,2020-03-13
 #PiASongOrBand,2020-03-13
 #WorldSleepDay,2020-03-13
 #AWrittenTestimony,2020-03-13
 #LUVVsTheWorld2,2020-03-13
 #selfisolating,2020-03-13
 No NASCAR,2020-03-13
 LAUSD,2020-03-13
 Flux Capacitor,2020-03-13
 Got The Guap,2020-03-13
 Geraldo,2020-03-13
 Jack Nicklaus,2020-03-13
 Physiological,2020-03-13
 Blaming Obama,2020-03-13
 Stafford Act,2020-03-13
 Moon Relate,2020-03-13
 Kevin Lee,2020-03-13
 Jair Bolsonaro,2020-03-13
 No Auto,2020-03-13
 Deadspin,2020-03-13
 Artie,2020-03-13
 Boston Marathon,2020-03-13
 Savon,2020-03-13
 Myron,2020-03-13
 #askCDC,2020-03-13
 Fiesta in November,2020-03-13
 Strawberry Peels,2020-03-13
 Boomer Remover,2020-03-13
 Jack Ma,2020-03-13
 Falwell,2020-03-13
 #SweetNightOST,2020-03-13
 #EmergencyUBI,2020-03-13
 #TheWorldEndedAndGodSaid,2020-03-13
 The Masters,2020-03-13
 Jay Electronica,2020-03-13
 Andrew Gillum,2020-03-13
 Tom Hanks,2020-03-13
 Italy,2020-03-13
 #CoronavirusPandemic,2020-03-13
 COVID-19,2020-03-13
 Friday the 13th,2020-03-13
 #LeadLAP,2020-03-14
 #NetflixAndStayStill,2020-03-14
 #StillOnFlowerRoad,2020-03-14
 #WishingForMonstaXAs7,2020-03-14
 #우리의_원앤온리더_진우_생일축하해,2020-03-14
 #AskAldis,2020-03-14
 #WithEverythingSuspended,2020-03-14
 #thankyourianjohnson,2020-03-14
 #OddFitnessIdeas,2020-03-14
 #FREESOSA,2020-03-14
 #NCT127_KickIt,2020-03-14
 #InMyQuarantineSurvivalKit,2020-03-14
 #MyHeartWasBrokenWhen,2020-03-14
 #WheresMitch,2020-03-14
 #TrumpPlague,2020-03-14
 #AH12hour,2020-03-14
 #314Day,2020-03-14
 Greater China,2020-03-14
 Don Muhlbach,2020-03-14
 Return of the Mack,2020-03-14
 M.D.,2020-03-14
 Nessun Dorma,2020-03-14
 Chad Wolf,2020-03-14
 Mrs. Pence,2020-03-14
" ""USA""",2020-03-14
 Dr. Jerome Adams,2020-03-14
 40 Republicans,2020-03-14
 Megan Walker,2020-03-14
 Kelly O'Donnell,2020-03-14
 Jeremy Jacobs,2020-03-14
 SNKRS,2020-03-14
 Mr. Colvin,2020-03-14
 D.O.,2020-03-14
 No Diggity,2020-03-14
 National Day of Prayer,2020-03-14
 Steve Young,2020-03-14
 Five Guys,2020-03-14
 Amazon and eBay,2020-03-14
 Matt Colvin,2020-03-14
 King Lear,2020-03-14
 Happy Pi,2020-03-14
 Free Sosa,2020-03-14
 #Caturday,2020-03-14
 UK and Ireland,2020-03-14
 #PiDay,2020-03-14
 Ben Carson,2020-03-14
 Costco,2020-03-14
 #SocialDistancing,2020-03-14
 #onealbuquerque,2020-03-14
 #COVIDー19,2020-03-14
 #notoriousrbg,2020-03-15
 #FlowerReport,2020-03-15
 #fakeselfiefacts,2020-03-15
 #NotTheAusGP,2020-03-15
 #Patient31,2020-03-15
 #SaferWithSanders,2020-03-15
 #StayHomeSaveLives,2020-03-15
 #freedom,2020-03-15
 #IdesOfMarch,2020-03-15
 #WONHOMECOMING,2020-03-15
 #MyTherapistIsSuggesting,2020-03-15
 #RuthBaderGinsburg,2020-03-15
 #SUPLouder,2020-03-15
 #BlackOutBTS,2020-03-15
 #CancelTrump,2020-03-15
 #WestworldGiveaway,2020-03-15
 #ShutItDown,2020-03-15
 Marcus Mariota,2020-03-15
 Julius Caesar,2020-03-15
 Dr. Amy Acton,2020-03-15
 Ricky Williams,2020-03-15
 Lower Broadway,2020-03-15
 Childish Gambino,2020-03-15
 Alien Ant Farm,2020-03-15
 Vegemite,2020-03-15
 Full Pardon,2020-03-15
 Tanny,2020-03-15
 D-Day,2020-03-15
 Nate Dogg,2020-03-15
 Woodley,2020-03-15
 Donald Glover,2020-03-15
 Selection Sunday,2020-03-15
 Calais Campbell,2020-03-15
 Mike DeWine,2020-03-15
 Jags,2020-03-15
 Ravens,2020-03-15
 Downtown Nashville,2020-03-15
 Devin Nunes,2020-03-15
 #Replacements100,2020-03-15
 #NationalDayOfPrayer,2020-03-15
 Derrick Henry,2020-03-15
 Josh Gordon,2020-03-15
 #LGBTQstandtogether,2020-03-15
 Flynn,2020-03-15
 #GenX,2020-03-15
 Tannehill,2020-03-15
 Zoom,2020-03-15
 COVID-19,2020-03-15
 Jesus Christ,2020-03-15
 #SocialDistancing,2020-03-15
 #49ers,2020-03-16
 #SwiftiesAtHome,2020-03-16
 #TomNook,2020-03-16
 #HoranAtHome,2020-03-16
 #Jets,2020-03-16
 #FunThingsToPanicAbout,2020-03-16
 #askJAYPARK,2020-03-16
 #Discord,2020-03-16
 #DoingMyPartCO,2020-03-16
 #HowToKeepPeopleHome,2020-03-16
 #ShelterInPlace,2020-03-16
 #TWUG,2020-03-16
 #SocialDistancing,2020-03-16
 Mitt Romney,2020-03-16
 Keke,2020-03-16
 DHop,2020-03-16
 Kyler Murray,2020-03-16
 Bears,2020-03-16
 Glasgow,2020-03-16
 Clowney,2020-03-16
 Xavien Howard,2020-03-16
 Howie,2020-03-16
 Cardinals,2020-03-16
 Team B,2020-03-16
 Dolphins,2020-03-16
 DeFo,2020-03-16
 Conklin,2020-03-16
 Tormund,2020-03-16
 Big V,2020-03-16
 Watson,2020-03-16
 Clearwater,2020-03-16
 Diggs,2020-03-16
 Mel Brooks,2020-03-16
 Bradberry,2020-03-16
 Browns,2020-03-16
 Baker,2020-03-16
 Bob Evans,2020-03-16
 Buckner,2020-03-16
 Hopkins,2020-03-16
 Bill O'Brien,2020-03-16
 Byron Jones,2020-03-16
 Idris Elba,2020-03-16
 Chinese Virus,2020-03-16
 July or August,2020-03-16
 Texans,2020-03-16
 #QuarantineLife,2020-03-16
 #COVIDー19,2020-03-16
 #democraticdebate,2020-03-16
 #coronapocolypse,2020-03-16
 #stayhomechallenge,2020-03-16
 #TogetherApart,2020-03-17
 #MyPandemicSurvivalPlan,2020-03-17
 #AwardsForMillennials,2020-03-17
 #GOAT,2020-03-17
 #IStandWithJamar,2020-03-17
 #TB12,2020-03-17
 #IndieWorld,2020-03-17
 #FloridaPrimary,2020-03-17
 #TuesdayMotivation,2020-03-17
 #DisappointingSongsAndBands,2020-03-17
 #SeeUsSchumer,2020-03-17
 #ChineseVirus,2020-03-17
 #PaddysDayWithNiall,2020-03-17
 End of April,2020-03-17
 NFC South,2020-03-17
 Cowherd,2020-03-17
 Kennard,2020-03-17
 Chase Daniel,2020-03-17
 Brees,2020-03-17
 Tepper,2020-03-17
 JG Wentworth,2020-03-17
 Andy Dalton,2020-03-17
 Stidham,2020-03-17
 Trevor Lawrence,2020-03-17
 Lyle Waggoner,2020-03-17
 Dawkins,2020-03-17
 Exit the Gungeon,2020-03-17
 Leonard Floyd,2020-03-17
 Dana Bash,2020-03-17
 Belichick,2020-03-17
 Up to $500,2020-03-17
 Robert Quinn,2020-03-17
 Carolina,2020-03-17
 Joe Budden,2020-03-17
 Jordan Howard,2020-03-17
 Jalen Mills,2020-03-17
 Chargers,2020-03-17
 Jared Leto,2020-03-17
 Panthers,2020-03-17
 New England,2020-03-17
 Malcolm Jenkins,2020-03-17
 Pats,2020-03-17
 #YangWasRight,2020-03-17
 Cam Newton,2020-03-17
 COVID-19,2020-03-17
 #SocialDistancing,2020-03-17
 #COVID2019,2020-03-17
 #stayhomechallenge,2020-03-17
 Tom Brady,2020-03-17
 #StPatricksDay,2020-03-17
 #18mar,2020-03-18
 #TakeDownTobacco,2020-03-18
 #ON13thWin,2020-03-18
 #gooddaydc,2020-03-18
 #AliasesForDisneyCharacters,2020-03-18
 #1linewed,2020-03-18
 #EsteVirusLoParamosUnidos,2020-03-18
 #Starlink,2020-03-18
 #ccsgoesvirtual,2020-03-18
 #Pizzagate,2020-03-18
 #ReleaseTheButtholeCut,2020-03-18
 #BLEACH2020,2020-03-18
 #TrumpPandemic,2020-03-18
 #FoxNewsLies,2020-03-18
 #ChinaLiedPeopleDied,2020-03-18
 #WednesdayWisdom,2020-03-18
 Aftershocks,2020-03-18
 Bluffdale,2020-03-18
 Everyone in Utah,2020-03-18
 Great Salt Lake,2020-03-18
 Cannes Lions,2020-03-18
 Midvale,2020-03-18
 RIP Maggie,2020-03-18
 Eagle Mountain,2020-03-18
 Imperial College,2020-03-18
 Herriman,2020-03-18
 lidar,2020-03-18
 Hump Day,2020-03-18
 Michael Irvin,2020-03-18
 Wasatch,2020-03-18
 Bountiful,2020-03-18
 Samurai 8,2020-03-18
 Fear God,2020-03-18
 Jason Terry,2020-03-18
 Happy Birthday Mack,2020-03-18
 Ogden,2020-03-18
 West Jordan,2020-03-18
 Orem,2020-03-18
 Lehi,2020-03-18
 Kathy,2020-03-18
 iPad Pro,2020-03-18
 Magna,2020-03-18
 #earthquake,2020-03-18
 COVID-19,2020-03-18
 #SocialDistancing,2020-03-18
 Sanders,2020-03-18
 #stayhomechallenge,2020-03-18
 #COVID2019,2020-03-18
 #StPatricksDay,2020-03-18
 Tom Brady,2020-03-18
 #jantacurfew,2020-03-19
 #FineLineStreamingParty,2020-03-19
 #WhereIsEgo,2020-03-19
 #AskAbbott,2020-03-19
 #FreelanceChat,2020-03-19
 #APBKW,2020-03-19
 #xopodcastforever,2020-03-19
 #PersonaNo3GlobalAlbum,2020-03-19
 #WhatTheWorldNeedsRightNow,2020-03-19
 #pressbriefing,2020-03-19
 #PPEshortage,2020-03-19
 #TwitterSmarter,2020-03-19
 #infinitedial,2020-03-19
 #AskRobbo,2020-03-19
 #ChineseWuhanVirus,2020-03-19
 #5YearsWithRMixtape,2020-03-19
 #IfAllTheMoneyBecameWorthless,2020-03-19
 #clubfrisco,2020-03-19
 #SocialDistanacing,2020-03-19
 #STAYwithHyunjinForever,2020-03-19
 #ThursdayThoughts,2020-03-19
 #saveworkers,2020-03-19
 #firstdayofspring,2020-03-19
 Thank Me Later,2020-03-19
 Mike Person,2020-03-19
 Rick Wilson,2020-03-19
 Evangeline Lilly,2020-03-19
 Austin Tice,2020-03-19
 Welcome to Philly,2020-03-19
 Prince Albert,2020-03-19
 Cooks,2020-03-19
 Chanel Rion,2020-03-19
 St. Joseph,2020-03-19
 John Lennon,2020-03-19
 Yannick,2020-03-19
 Chloroquine,2020-03-19
" ""Imagine""",2020-03-19
 Gal Gadot,2020-03-19
 Flacco,2020-03-19
 Burr,2020-03-19
 Lychee,2020-03-19
 Where is Dr. Fauci,2020-03-19
 OANN,2020-03-19
 #QuarentineLife,2020-03-19
 Xbox,2020-03-19
 #alltogethernm,2020-03-19
 Snapchat,2020-03-19
 #MyQuarantineInSixWords,2020-03-19
 #TrumpLiedPeopleDied,2020-03-19
 #CoronaVirusUpdate,2020-03-19
 #WorkingFromHomeLife,2020-03-20
 #CyberAIO,2020-03-20
 #makeitcountwb,2020-03-20
 #californiashutdown,2020-03-20
 #whyruep9,2020-03-20
 #BuildCharacterBy,2020-03-20
 #NationwideCheers,2020-03-20
 #newyorklockdown,2020-03-20
 #5sosBestYears,2020-03-20
 #MakeAMovieCry,2020-03-20
 #FlashbackFriday,2020-03-20
 #CowbellChallenge,2020-03-20
 #PressBriefing,2020-03-20
 #TheMandalorian,2020-03-20
 #FortniteOperatives,2020-03-20
 #CW113,2020-03-20
 #SelfMadeNetflix,2020-03-20
 #FridayVibes,2020-03-20
 #NoMeansTesting,2020-03-20
 #sofiatwitterchat,2020-03-20
 #2020InOneWord,2020-03-20
 #MatchDay2020,2020-03-20
 #DivertAttentionIn4Words,2020-03-20
 #selfiesforariana,2020-03-20
 #whereisjoe,2020-03-20
 #CashAppFriday,2020-03-20
 #CoronaCrisis,2020-03-20
 Braun Strowman,2020-03-20
 Ashoka,2020-03-20
 usa swimming,2020-03-20
 Ashley Eckstein,2020-03-20
 Concast,2020-03-20
 Dr. Emily Landon,2020-03-20
 Ebron,2020-03-20
 Deep State Department,2020-03-20
 Brit Hume,2020-03-20
 Darien,2020-03-20
 Rosario Dawson,2020-03-20
 Boosie,2020-03-20
 Ahsoka,2020-03-20
 Dennis Miller,2020-03-20
 #FreeCodeFridayContest,2020-03-20
 #FreeCallofDuty,2020-03-20
 #QuarentineLife,2020-03-20
 Fauci,2020-03-20
 Animal Crossing,2020-03-20
 Senators,2020-03-20
 The Weeknd,2020-03-20
 #AfterHours,2020-03-20
 #COVID19US,2020-03-20
 #CrazyPLN,2020-03-21
 #playfortheworld,2020-03-21
 #ISTANDWITHAYA,2020-03-21
 #CatholicEdChat,2020-03-21
 #117PantherMustang,2020-03-21
 #velshi,2020-03-21
 #WhenIGetCabinFever,2020-03-21
 #practicehumanity,2020-03-21
 #weloveyoutaylor,2020-03-21
 #TheKitchen,2020-03-21
 #ChinaLiedAndPeopleDied,2020-03-21
 #ItsFunAndGamesUntil,2020-03-21
 #leadupchat,2020-03-21
 #cuomoforpresident,2020-03-21
 #smwknd,2020-03-21
 #NSA20,2020-03-21
 #Relief4Charities,2020-03-21
 #RIPLegend,2020-03-21
 #InsteadOfHandshakes,2020-03-21
 #WorldDownSyndromeDay,2020-03-21
 #WorldPoetryDay,2020-03-21
 #TaylorToldTheTruth,2020-03-21
 #QuaratineLife,2020-03-21
 #AtinySelcaDay,2020-03-21
 #WhenThisIsAllOver,2020-03-21
 Alatreon,2020-03-21
 Lake Worth,2020-03-21
 Boobie Miles,2020-03-21
 Trump in January and February,2020-03-21
 Happy Birthday Hannah,2020-03-21
 MSNBC's Maddow,2020-03-21
 lucille,2020-03-21
 The First Edition,2020-03-21
 Azithromycin,2020-03-21
 Omari Hardy,2020-03-21
 Andrew Sullivan,2020-03-21
 Through the Years,2020-03-21
 Islands in the Stream,2020-03-21
 Dolly,2020-03-21
 #KanyeWestIsOverParty,2020-03-21
 #SaturdayMorning,2020-03-21
 #StayAtHome,2020-03-21
 Switch,2020-03-21
 Fauci,2020-03-21
 #supportlocalabq,2020-03-21
 The Weeknd,2020-03-21
 Animal Crossing,2020-03-21
 #Covid_19,2020-03-21
 Kenny Rogers,2020-03-21
 #SolitaryCinema,2020-03-21
 #ChurchOnline,2020-03-22
 #DrivesMe,2020-03-22
 #MonstaXisUndeniably7,2020-03-22
 #ItsAlwaysFairWeather,2020-03-22
 #KhameneiTheGreat,2020-03-22
 #BulletproofBeginning,2020-03-22
 #NotTheBahGP,2020-03-22
 #PoorJennifer,2020-03-22
 #FakeManCaveFacts,2020-03-22
 #WorldWaterDay,2020-03-22
 #세상은_런쥔덕분에_빛나,2020-03-22
 #FlattenTheCuve,2020-03-22
 #WeDeserveBernie,2020-03-22
 #RuinSpringBreakIn4Words,2020-03-22
 #Ohiolockdown,2020-03-22
 #kubball,2020-03-22
 #askkelsea,2020-03-22
 #TheOcho,2020-03-22
 #COVIDIOTS,2020-03-22
 #Always_My_Light_Yunho,2020-03-22
 #SundayThoughts,2020-03-22
 #unitedLGBTQ,2020-03-22
 #iRacing,2020-03-22
 #ProInvitationalSeries,2020-03-22
 iRace,2020-03-22
 Plácido Domingo,2020-03-22
 STUPID ROBOT FIGHTING LEAGUE,2020-03-22
 Stephen Sondheim,2020-03-22
 Anthony Rizzo,2020-03-22
 Pablo Sandoval,2020-03-22
 Chalmers,2020-03-22
 Chris Davis,2020-03-22
 Mother's Day,2020-03-22
 Timmy Hill,2020-03-22
 Hoyer,2020-03-22
 Paul Newman,2020-03-22
 Dale Jr,2020-03-22
 Trey Sermon,2020-03-22
 Senator Paul,2020-03-22
 Neil Diamond,2020-03-22
 Childish Gambino,2020-03-22
 Jamal Murray,2020-03-22
 Animal Crossing,2020-03-22
 Kenny Rogers,2020-03-22
 #TrumpLiesPeopleDie,2020-03-22
 Christ,2020-03-22
 #QuaratineLife,2020-03-22
 #CoronavirusPandemic,2020-03-22
 #StayAtHome,2020-03-22
 #JeffreeStarApproved,2020-03-22
 #GISD1stDayNewWay,2020-03-23
 #23Mar,2020-03-23
 #KellyandRyan,2020-03-23
 #wewillnotforget,2020-03-23
 #InThisTogetherLPS,2020-03-23
 #GetYourMoneyRight,2020-03-23
 #short,2020-03-23
 #poopchallenge,2020-03-23
 #laylit20,2020-03-23
 #WelcomeBackJoohoney,2020-03-23
 #ACA10,2020-03-23
 #htsdhasspirit,2020-03-23
 #OliLondonDeactivatedParty,2020-03-23
 #ItsHardToKnow,2020-03-23
 #dallaslockdown,2020-03-23
 #thenine,2020-03-23
 #shutdownma,2020-03-23
 #BrightestMinaDay,2020-03-23
 #NancyChokesWhilePeopleGoBroke,2020-03-23
 #FundChildCare,2020-03-23
 #NancyPelosi,2020-03-23
 #BailOutPeopleNotCorporations,2020-03-23
 #GOPSlushFund,2020-03-23
 #MondayMorning,2020-03-23
 #NationalPuppyDay,2020-03-23
 CVS Health,2020-03-23
 Ken Langone,2020-03-23
 Joni,2020-03-23
 Spit On,2020-03-23
 qe infinity,2020-03-23
 Schumer and Pelosi,2020-03-23
 treasurys,2020-03-23
 Jaire Alexander,2020-03-23
 The Great Empty,2020-03-23
 Vin Scully,2020-03-23
 Virtual Spirit Week,2020-03-23
 $500 Billion,2020-03-23
 unlimited qe,2020-03-23
 Pajama Day,2020-03-23
 Jamal Adams,2020-03-23
 Iron Man 3,2020-03-23
 Senator,2020-03-23
 Democratic,2020-03-23
 Animal Crossing,2020-03-23
 #JeffreeStarApproved,2020-03-23
 #COVIDー19,2020-03-23
 #QuaratineLife,2020-03-23
 #MoscowMitch,2020-03-23
 #StayAtHome,2020-03-23
 Rand Paul,2020-03-23
 #AACPSAwesome,2020-03-24
 #AsktheFallons,2020-03-24
 #TeamSuperFamilyTime,2020-03-24
 #Office15,2020-03-24
 #101alag,2020-03-24
 #askwildemount,2020-03-24
 #BarstoolWheel,2020-03-24
 #AgDay20,2020-03-24
 #WonderWoman1984,2020-03-24
 #MuseumBouquet,2020-03-24
 #NovaAndChill,2020-03-24
 #FoxNewstownhall,2020-03-24
 #AskFunko,2020-03-24
 #PostPandemicConcertWishList,2020-03-24
 #EndCOVIDSanctions,2020-03-24
 #BernieIsOurFDR,2020-03-24
 #MyCovidStory,2020-03-24
 #0325_YouMakeSKZStay,2020-03-24
 #BlackArmyBlockParty,2020-03-24
 #TuesdayThoughts,2020-03-24
 #TheGreatAmericanTakeout,2020-03-24
 #DieForTheDow,2020-03-24
 #ReopenAmerica,2020-03-24
 #BailOutPeopleNotCorporations,2020-03-24
 Joel Embiid,2020-03-24
 Bill Hemmer,2020-03-24
 By Easter,2020-03-24
 Garza,2020-03-24
 Travis Benjamin,2020-03-24
 Kennedy Center,2020-03-24
 Peyton Barber,2020-03-24
 Chromatica,2020-03-24
 Kourtney,2020-03-24
 Lynchburg,2020-03-24
 Happy Birthday Jeff,2020-03-24
 Falwell,2020-03-24
 Liz Cheney,2020-03-24
 Josh Harris,2020-03-24
 Liberty University,2020-03-24
 Slim Thug,2020-03-24
 Terrence McNally,2020-03-24
 Virgil,2020-03-24
 Pelosi,2020-03-24
 Governor,2020-03-24
 #nationalpuppyday,2020-03-24
 #COVIDActNow,2020-03-24
 #TrumpLiesAmericansDie,2020-03-24
 #NotDying4WallStreet,2020-03-24
 #GoLobos,2020-03-24
 Michelle Lujan Grisham,2020-03-24
 #MedalofHonorDay,2020-03-25
 #DefendingJacob,2020-03-25
 #FullService,2020-03-25
 #DoctorsOnlyPressConferences,2020-03-25
 #AskThibaut,2020-03-25
 #SomeGoodNews,2020-03-25
 #iExploreChat,2020-03-25
 #toxicchallenge,2020-03-25
 #selfiesforjustin,2020-03-25
 #80sa90ssongormovie,2020-03-25
 #openingdayathome,2020-03-25
 #BvS4Years,2020-03-25
 #ButterflyXIUDay,2020-03-25
 #7FOREVER,2020-03-25
 #Beloved_Spring_Xiumin,2020-03-25
 #HornyHobbies,2020-03-25
 #SCASKSFAUCI,2020-03-25
 #creditchat,2020-03-25
 #WordsThatShouldBeCancelled,2020-03-25
 #WhichSideAreYouOn,2020-03-25
 #IKnewIHadCabinFeverWhen,2020-03-25
 #IBelieveTara,2020-03-25
 #WednesdayWisdom,2020-03-25
 #stimulusbill,2020-03-25
 #NotDying4WallStreet,2020-03-25
 Carly Fiorina,2020-03-25
 RINO,2020-03-25
 Ifedi,2020-03-25
 Prowler,2020-03-25
 Santana,2020-03-25
 Master Chief,2020-03-25
 Megatron,2020-03-25
 Delaware North,2020-03-25
 Stuart Gordon,2020-03-25
 R-99,2020-03-25
 R-301,2020-03-25
 Cris Carter,2020-03-25
 The Federalist,2020-03-25
 Jeremy Jacobs,2020-03-25
 Prince Charles,2020-03-25
 Jackie Chan,2020-03-25
 Calvin Johnson,2020-03-25
 Christian,2020-03-25
 #StayHome,2020-03-25
 #GoLobos,2020-03-25
 #TrumpLiesAmericansDie,2020-03-25
 #SomosUnidos,2020-03-25
 Michelle Lujan Grisham,2020-03-25
 Easter,2020-03-25
 #COVID2019,2020-03-25
 #TwitterSmarter,2020-03-26
 #PayItForwardLIVE,2020-03-26
 #TacomaFDme,2020-03-26
 #MarchOn,2020-03-26
 #HoneyBoo,2020-03-26
 #ChineseVirus19,2020-03-26
 #ModernizedFairyTales,2020-03-26
 #heykesha,2020-03-26
 #AskFunko,2020-03-26
 #EquityOnline,2020-03-26
 #IBelieveTaraReade,2020-03-26
 #ThankYouBernie,2020-03-26
 #NintendoDirect,2020-03-26
 #ChrissysCourt,2020-03-26
 #LalisaManobanDay,2020-03-26
 #YouTubeDOWN,2020-03-26
 #AirMaxDay,2020-03-26
 #RHOP,2020-03-26
 #5SOS,2020-03-26
 #ThursdayMotivation,2020-03-26
 #IGotFiveOnIt,2020-03-26
 #OpeningDayAtHome,2020-03-26
 Bob Bowlsby,2020-03-26
 supreme oreos,2020-03-26
 Sakurai,2020-03-26
 Noriega,2020-03-26
 Rick Wiles,2020-03-26
 Panzer Dragoon,2020-03-26
 Venezuelan,2020-03-26
 Congratulations America,2020-03-26
 Madam Speaker,2020-03-26
 Mark Blum,2020-03-26
 Nicolás Maduro,2020-03-26
 Ribbon Girl,2020-03-26
 Drew Brees,2020-03-26
 Xenoblade,2020-03-26
 Spring Man,2020-03-26
 Indy 500,2020-03-26
 Vince Young,2020-03-26
 Peter Navarro,2020-03-26
 ARMS,2020-03-26
 Jon Jones,2020-03-26
 #GoLobos,2020-03-26
 #TrumpLiesAmericansDie,2020-03-26
 #TigerKing,2020-03-26
 Christian,2020-03-26
 Canada,2020-03-26
 #SomosUnidos,2020-03-26
 Easter,2020-03-26
 #COVID2019,2020-03-26
 #IShutEmDownBy,2020-03-27
 #ProgressingAhead,2020-03-27
 #IncludeAnswerSystemAshamed,2020-03-27
 #Give4COVIDRelief,2020-03-27
 #nickiday,2020-03-27
 #StayAtHomeAndStaySafe,2020-03-27
 #WHYRUep10,2020-03-27
 #คั่นกูEP6,2020-03-27
 #CookieSongsOrBands,2020-03-27
 #KillingEve,2020-03-27
 #KillHatersWithKindness,2020-03-27
 #FursuitFriday,2020-03-27
 #UrbietOrbi,2020-03-27
 #TimesUpBiden,2020-03-27
 #DeborahBirx,2020-03-27
 #NewMusicFriday,2020-03-27
 #KickIt1stwin,2020-03-27
 #Ozarkseason3,2020-03-27
 #WorldTheatreDay,2020-03-27
 #SELDay,2020-03-27
 #NationalJoeDay,2020-03-27
 #1YearWithPersona,2020-03-27
 #PARANOIDBOOK,2020-03-27
 #BlessedToHaveJackson,2020-03-27
 Jayda,2020-03-27
 Happy Birthday Jackson,2020-03-27
 Arian Foster,2020-03-27
 Howard Dean,2020-03-27
 42 Dugg,2020-03-27
 Octane,2020-03-27
 Kirk Herbstreit,2020-03-27
 Hoda,2020-03-27
 Boris Johnson,2020-03-27
 General Motors,2020-03-27
 Bob Dylan,2020-03-27
 Invoke P,2020-03-27
 Lordstown,2020-03-27
 John Kerry,2020-03-27
 #FridayMotivation,2020-03-27
 Massie,2020-03-27
 #somosunidos,2020-03-27
 #supportlocalabq,2020-03-27
 #TrumpLiesAboutCoronavirus,2020-03-27
 Tiger King,2020-03-27
 Easter,2020-03-27
 #COVID2019,2020-03-27
 deceit,2020-03-27
 Pence,2020-03-27
 Praying,2020-03-27
 Jon Jones,2020-03-27
 #MyQuarantineDocumentaryTitle,2020-03-28
 #CelebrityBoredomRemedies,2020-03-28
 #ACC20,2020-03-28
 #screenshotsaturday,2020-03-28
 #ICanNotDieBefore,2020-03-28
 #QuidProCOVID19,2020-03-28
 #ripnip,2020-03-28
 #CoronaUpdate,2020-03-28
 #PetPeevesAboutMyPartner,2020-03-28
 #lesbiansforbts,2020-03-28
 #OurPeachSulliDay,2020-03-28
 #TwitchStreamAid,2020-03-28
 #TheOnlyIRENEDay,2020-03-28
 #ThatWomanInMichigan,2020-03-28
 Net Worth,2020-03-28
 The Vent,2020-03-28
 Mashpee Wampanoag,2020-03-28
 Night Train Lane,2020-03-28
 Are DMs,2020-03-28
 Happy Birthday Willow,2020-03-28
 Vince Howard,2020-03-28
 Polo Sporting Goods,2020-03-28
 Decorated Invader,2020-03-28
 Pablo Sanchez,2020-03-28
 Kill My Time,2020-03-28
" ""Ambassador""",2020-03-28
 25 MILLION,2020-03-28
 NJ and CT,2020-03-28
 Joseph Lowery,2020-03-28
 USNS Comfort,2020-03-28
 Happy 3-28,2020-03-28
 Tom Coburn,2020-03-28
 Anuel,2020-03-28
 New Jersey and Connecticut,2020-03-28
 Shane Falco,2020-03-28
 John Barron,2020-03-28
 David Geffen,2020-03-28
 04 Vick,2020-03-28
 Bo Jackson,2020-03-28
 Twitter DMs,2020-03-28
 Bobby Boucher,2020-03-28
 Reggie Bush,2020-03-28
 #SaturdayThoughts,2020-03-28
 Pence,2020-03-28
 #staysafe,2020-03-28
 #golobos,2020-03-28
 Queen,2020-03-28
 #MAGA,2020-03-28
 #CCPVirus,2020-03-28
 Tiger King,2020-03-28
 #GeniusMINOday,2020-03-29
 #SelfCareSunday,2020-03-29
 #askfrancesa,2020-03-29
 #BvS4Years,2020-03-29
 #EmmaAtHome,2020-03-29
 #AMJoy,2020-03-29
 #VietnamWarVeteransDay,2020-03-29
 #SayGoodbyeToAMovie,2020-03-29
 #excelsior,2020-03-29
 #WeirdestThingIveDoneForLove,2020-03-29
 #SeductiveSunday,2020-03-29
 #동민_볼때마다_심장아파_필요해_도움이,2020-03-29
 #OReilly125,2020-03-29
 #ShareAFactNoOneAskedFor,2020-03-29
 #NOVAChamps85,2020-03-29
 #SignsYourePetty,2020-03-29
 #FPatricksBirthday,2020-03-29
 wait for the lord,2020-03-29
 Italian Sunday,2020-03-29
 Tim Russert,2020-03-29
 Oakland Coliseum,2020-03-29
 Geronimo Allison,2020-03-29
 Soccer,2020-03-29
 Mitch Albom,2020-03-29
 Meet the Press,2020-03-29
 Brown Sugar Cinnamon,2020-03-29
 Nier,2020-03-29
 Bob Weir,2020-03-29
 Ronald Darby,2020-03-29
 Little Marco,2020-03-29
 Wrigley Field,2020-03-29
 PPE to China,2020-03-29
 Fenway Park,2020-03-29
 Ratings,2020-03-29
 #UniteWithBernie,2020-03-29
 #FakeToiletPaperFacts,2020-03-29
 Worst Stadium,2020-03-29
 Murphy Lee,2020-03-29
 Chuck Todd,2020-03-29
 #SundayMorning,2020-03-29
 #LGBTQuarantine,2020-03-29
 Hulu,2020-03-29
 Praying,2020-03-29
 Gwen,2020-03-29
 Hillary,2020-03-29
 Bad Bunny,2020-03-29
 Finally,2020-03-29
 Joe Exotic,2020-03-29
 #Covid_19,2020-03-29
 Tiger King,2020-03-29
 #MakeaBondFilmLessInteresting,2020-03-30
 #RoyaltyRaffle,2020-03-30
 #BrightSmileJunhoeDay,2020-03-30
 #AldineAtHome,2020-03-30
 #PaulyDLive,2020-03-30
 #AStepUpLive,2020-03-30
 #NoMedicaidCuts,2020-03-30
 #ncsm20,2020-03-30
 #itunesisoverparty,2020-03-30
 #CommonThingsIveNeverDone,2020-03-30
 #After3WeeksWithMyFamily,2020-03-30
 #30MoreDays,2020-03-30
 #Wish_on_the_same_sky,2020-03-30
 #EricClapton,2020-03-30
 #njcaaforward,2020-03-30
 #InstacartStrike,2020-03-30
 #DebateBernie,2020-03-30
 #SomeGoodNews,2020-03-30
 #DoctorsDay,2020-03-30
 Saud,2020-03-30
 MW2 Remastered,2020-03-30
 TOXIC WASTE PARTY BAG,2020-03-30
 Isaiah Livers,2020-03-30
 Santa Maria,2020-03-30
 gaethje,2020-03-30
 Quincy Jones,2020-03-30
 Gannett,2020-03-30
 Galaxy 2,2020-03-30
 Van Gogh,2020-03-30
 Orban,2020-03-30
 Modern Warfare 2,2020-03-30
 Ed Reed,2020-03-30
 Johnson & Johnson,2020-03-30
 No Russian,2020-03-30
 Hungary,2020-03-30
 USNS Comfort,2020-03-30
 Paper Mario,2020-03-30
 Khabib,2020-03-30
 #TheLockdown,2020-03-30
 #MondayMotivation,2020-03-30
 #NoMoreDreamIsComing,2020-03-30
 Drake,2020-03-30
 Star Wars,2020-03-30
 Twitch,2020-03-30
 Hillary,2020-03-30
 navajo nation,2020-03-30
 #StayAtHomeAndStaySafe,2020-03-30
 Tiger King,2020-03-30
 Virgil,2020-03-30
 #Covid_19,2020-03-30
 #NSFGRFP,2020-03-31
 #LetsGetAfterIt,2020-03-31
 #AllAZ,2020-03-31
 #WorldBackupDay,2020-03-31
 #FaithPitch,2020-03-31
 #BTSROTY,2020-03-31
 #QuarantineMoneyMakingIdeas,2020-03-31
 #CourageInFiveWords,2020-03-31
 #LLNH,2020-03-31
 #ImDoingFineBecause,2020-03-31
 #CesarChavezDay,2020-03-31
 #TheLastDance,2020-03-31
 #NationalCrayonDay,2020-03-31
 #AskVirgil,2020-03-31
 #AprilFoolsDay,2020-03-31
 #AdobeSummit,2020-03-31
 #EqualPayDay,2020-03-31
 #RIPSelena,2020-03-31
 #heautifulharries,2020-03-31
 #DebutWithBTS,2020-03-31
 R.I.P Nip,2020-03-31
 Ocean Views,2020-03-31
 2013 Broncos,2020-03-31
 Marko,2020-03-31
 STILL March,2020-03-31
 obama-era,2020-03-31
 Adam Schlesinger,2020-03-31
 Lauderdale County,2020-03-31
 Victory Lap,2020-03-31
 Phase 4,2020-03-31
 WRONG AGAIN RACHEL,2020-03-31
 Dre Kirkpatrick,2020-03-31
 Long Live Nip,2020-03-31
 combo breaker,2020-03-31
 Diamond and Silk,2020-03-31
 Jack Black,2020-03-31
 Infrastructure Week,2020-03-31
 RIP Nip,2020-03-31
 Chris Cuomo,2020-03-31
 #TuesdayThoughts,2020-03-31
 #TransDayOfVisibility,2020-03-31
 #TikTok,2020-03-31
 Star Wars,2020-03-31
 Christian,2020-03-31
 Donald,2020-03-31
 #albuquerque,2020-03-31
 #Covid_19,2020-03-31
 Navajo,2020-03-31
 Joe Exotic,2020-03-31
 Tiger King,2020-03-31
 #Primal,2020-04-01
 #rightnowiampretending,2020-04-01
 #GiveLeafyHisTwitterBack,2020-04-01
 #dinosaurabook,2020-04-01
 #ATINYLovesYeosang,2020-04-01
 #NewJack,2020-04-01
 #adultswim,2020-04-01
 #floridaunemployment,2020-04-01
 #jikook,2020-04-01
 #april1st,2020-04-01
 #domicile,2020-04-01
 #WednesdayThoughts,2020-04-01
 #AI画伯,2020-04-01
 #TheSchemeHBO,2020-04-01
 #PumpRules,2020-04-01
 #ShiseidoSunblockxMG,2020-04-01
 The Shivering Truth,2020-04-01
 Jeff Grosso,2020-04-01
 Chubbs,2020-04-01
 Happy 420,2020-04-01
 buttermaker,2020-04-01
 club rona,2020-04-01
 wild confessions,2020-04-01
 Demon Time,2020-04-01
 ronnie 2k,2020-04-01
 Lauren London,2020-04-01
 Patches,2020-04-01
 Smiling Friends,2020-04-01
 Apex Pro,2020-04-01
 Coach Carter,2020-04-01
 Uncle Howie,2020-04-01
 san and seonghwa,2020-04-01
 Arctis Pro Wireless,2020-04-01
 Scott Storch,2020-04-01
 #fancamsareoverparty,2020-04-01
 #SonicXboxSweeptakes,2020-04-01
 Jaejoong,2020-04-01
 Eric Taylor,2020-04-01
 New Jack,2020-04-01
 #JUMINISGOINGTOJAILPARTY,2020-04-01
 Herman Boone,2020-04-01
 #Coronavirustruth,2020-04-01
 Joe Exotic,2020-04-01
 iPhone,2020-04-01
 Lemme,2020-04-01
 michelle lujan grisham,2020-04-01
 Tiger King,2020-04-01
 STAY HOME,2020-04-01
 #TransDayOfVisibility,2020-04-01
 April Fools,2020-04-01
 #OffTheVine,2020-04-05
 #OurSpringMINGYUday,2020-04-05
 #canwebefriends,2020-04-05
 #MyCultNeeds,2020-04-05
 #c9win,2020-04-05
 #FirstContactDay,2020-04-05
 #ElderUchtdorf,2020-04-05
 #ProInvitationalSeries,2020-04-05
 #Attunement,2020-04-05
 #IKnowItsCrazyBut,2020-04-05
 #WWE24,2020-04-05
 #PalmSunday2020,2020-04-05
 #MyOneDish,2020-04-05
 #asknattie,2020-04-05
 #2YearsWithEuphoria,2020-04-05
 #OddCensusQuestions,2020-04-05
 #sinnerswanted,2020-04-05
 #ProudOfLouis,2020-04-05
 #Chromatica,2020-04-05
 #FireFauci,2020-04-05
 #billboardincludethe10k,2020-04-05
 LOUIS THE CHILD,2020-04-05
 George W. Bush,2020-04-05
 Her Majesty,2020-04-05
 Bristol,2020-04-05
 Young Chop,2020-04-05
 Pat Robertson,2020-04-05
 Surgeon General,2020-04-05
 Afro Thunder,2020-04-05
 Super Bowl XLV,2020-04-05
 Pearl Harbor,2020-04-05
 Chris Wallace,2020-04-05
 Vic Schaefer,2020-04-05
" ""Karen""",2020-04-05
 Optimus Prime,2020-04-05
 21 Savage,2020-04-05
 Cooking Mama,2020-04-05
 Chet Porter,2020-04-05
 Queen Elizabeth,2020-04-05
 Pablo Sanchez,2020-04-05
 Bronx Zoo,2020-04-05
 Dems,2020-04-05
 #TrumpOwnsEveryDeath,2020-04-05
 Jesus,2020-04-05
 #ACNH,2020-04-05
 Sanders,2020-04-05
 #TikTok,2020-04-05
 #IndieApril,2020-04-05
 Quarantine,2020-04-05
 #COVID2019,2020-04-05
